Jurisd,Local name,Lang,English Name,Count,Register,Notation,Code,Parent code,,,,
AL,Limited-Liability Company,,,37310,,,,,,,,
AL,Joint-Stock Company,,,1434,,,,,,,,
AL,Unlimited Partnership,,,452,,,,,,,,
AL,Branch Foreign Company,,,418,,,,,,,,
AL,Credit or Union Company,,,138,,,,,,,,
AL,Representative Office,,,136,,,,,,,,
AL,Perfaqesues Tatimor,,,135,,,,,,,,
AL,Limited Partnership,,,134,,,,,,,,
AL,Simple Partnership,,,30,,,,,,,,
AL,Mutual Aid and Cooperation Company,,,15,,,,,,,,
AL,Shoqeri e Bashkepunimit Bujqesor,,,11,,,,,,,,
BE,Société privée à responsabilité limitée,,,414555,,,,,,,,
BE,Association sans but lucratif,,,148889,,,,,,,,
BE,Société anonyme,,,120445,,,,,,,,
BE,Association des copropriétaires,,,77191,,,,,,,,
BE,Entreprise étrangère,,,53920,,,,,,,,
BE,Société civile sous forme de société privée à responsabilité limitée,,,38202,,,,,,,,
BE,Société en commandite simple,,,36921,,,,,,,,
BE,Société privée à responsabilité limitée unipersonnelle,,,32100,,,,,,,,
BE,Société en nom collectif,,,22555,,,,,,,,
BE,Société coopérative (ancien statut),,,18568,,,,,,,,
BE,Société ou association sans personnalité juridique,,,16451,,,,,,,,
BE,Société étrangère sans établissement belge avec représentant responsable TVA,,,15814,,,,,,,,
BE,Société coopérative à responsabilité limitée,,,12219,,,,,,,,
BE,Société coopérative à responsabilité illimitée,,,7182,,,,,,,,
BE,Etablissement public,,,5527,,,,,,,,
BE,Unité TVA,,,5510,,,,,,,,
BE,Société étrangère avec un bien immobilier en Belgique (avec personnalité juridique),,,4544,,,,,,,,
BE,Société en commandite par actions,,,2501,,,,,,,,
BE,Société civile sous forme de société en commandite simple,,,2444,,,,,,,,
BE,Société agricole,,,2431,,,,,,,,
BE,Association internationale sans but lucratif,,,2044,,,,,,,,
BE,Union professionnelle,,,1843,,,,,,,,
BE,Mutualité / Société Mutualiste / Union nationale de mutualités,,,1753,,,,,,,,
BE,Société civile sous forme de société anonyme,,,1449,,,,,,,,
BE,Fondation privée,,,1341,,,,,,,,
BE,Société civile sous forme de société coopérative à responsabilité limitée,,,1216,,,,,,,,
BE,Forme juridique inconnue (ONSS),,,1126,,,,,,,,
BE,Organisation scientifique internationale de droit belge,,,979,,,,,,,,
BE,Société civile sous forme de société en nom collectif,,,879,,,,,,,,
BE,Société coopérative à responsabilité limitée à finalité sociale,,,690,,,,,,,,
BE,Centre public d'action sociale,,,598,,,,,,,,
BE,Ville / commune,,,594,,,,,,,,
BE,Etablissement d'utilité publique,,,446,,,,,,,,
BE,Groupement d'intérêt économique,,,414,,,,,,,,
BE,Autre forme juridique,,,362,,,,,,,,
BE,Association momentanée,,,355,,,,,,,,
BE,"Associations étrangères privées avec établissement, agence, bureau, succursale en Belgique",,,352,,,,,,,,
BE,Polder / wateringue,,,337,,,,,,,,
BE,Groupement européen d'intérêt économique,,,333,,,,,,,,
BE,Société étrangère avec un bien immobilier en Belgique (sans personnalité juridique),,,298,,,,,,,,
BE,Fondation d'utilité publique,,,293,,,,,,,,
BE,Autre forme de droit privé avec personnalité juridique,,,289,,,,,,,,
BE,Régie communale autonome,,,265,,,,,,,,
BE,Société étrangère sans établissement belge cotée en bourse,,,206,,,,,,,,
BE,Zone de police locale,,,203,,,,,,,,
BE,Organisme de financement de pensions,,,200,,,,,,,,
BE,Organismes immatriculés pour l'O.N.P.,,,179,,,,,,,,
BE,Société civile sous forme de société en commandite par actions,,,166,,,,,,,,
BE,Société civile sous forme de société coopérative à responsabilité illimitée,,,158,,,,,,,,
BE,Organisme public étranger ou international,,,153,,,,,,,,
BE,Société privée à responsabilité limitée à finalité sociale,,,116,,,,,,,,
BE,Ministère de l'Intérieur,,,108,,,,,,,,
BE,Association de CPAS,,,104,,,,,,,,
BE,Société de droit commun,,,96,,,,,,,,
BE,Association d'assurances mutuelles / Caisse commune d'assurances de droit privé,,,88,,,,,,,,
BE,Association chargée de mission (Région flamande),,,64,,,,,,,,
BE,Autre service fédéral,,,62,,,,,,,,
BE,Société anonyme de droit public,,,62,,,,,,,,
BE,Association de projet,,,57,,,,,,,,
BE,Société civile sous forme de société agricole,,,55,,,,,,,,
BE,Société anonyme à finalité sociale,,,52,,,,,,,,
BE,Société coopérative de droit public (ancien statut),,,50,,,,,,,,
BE,Société coopérative à responsabilité limitée de droit public,,,50,,,,,,,,
BE,Intercommunale,,,45,,,,,,,,
BE,Autorité de la Région flamande et de la Communauté flamande,,,42,,,,,,,,
BE,Temporel des cultes / Établissement cultuel public,,,39,,,,,,,,
BE,Corporation professionnelle / Ordre,,,36,,,,,,,,
BE,Régie provinciale autonome,,,34,,,,,,,,
BE,"Société coopérative à responsabilité limitée, coopérative de participation",,,34,,,,,,,,
BE,Association sans but lucratif de droit public,,,33,,,,,,,,
BE,Zone de secours,,,33,,,,,,,,
BE,Association prestataire de services (Région flamande),,,29,,,,,,,,
BE,Autorité provinciale,,,26,,,,,,,,
BE,Société en commandite simple à finalité sociale,,,26,,,,,,,,
BE,Société européenne (Societas Europaea),,,25,,,,,,,,
BE,Organisme immatriculé pour l'Administration des Pensions,,,20,,,,,,,,
BE,Société coopérative à responsabilité illimitée à finalité sociale,,,20,,,,,,,,
BE,"État, Province, Région, Communauté",,,20,,,,,,,,
BE,Groupement européen d'intérêt économique sans siège avec établissement en Belgique,,,16,,,,,,,,
BE,Service public fédéral,,,15,,,,,,,,
BE,Divers sans personnalité juridique,,,13,,,,,,,,
BE,Ministère de la Justice,,,11,,,,,,,,
BE,Ministère de la Région wallonne,,,10,,,,,,,,
BE,Société en nom collectif à finalité sociale,,,9,,,,,,,,
BE,Autorité de la Communauté française,,,8,,,,,,,,
BE,Ministère de la Communauté flamande,,,8,,,,,,,,
BE,Ministère de la Communauté française,,,7,,,,,,,,
BE,Société en formation,,,7,,,,,,,,
BE,Autorité de la Région de Bruxelles-Capitale,,,6,,,,,,,,
BE,Autorité de la Région wallonne,,,6,,,,,,,,
BE,Service public fédéral de programmation,,,6,,,,,,,,
BE,Société congolaise (loi de 1927),,,6,,,,,,,,
BE,Autorité de la Communauté germanophone,,,5,,,,,,,,
BE,Société coopérative européenne,,,5,,,,,,,,
BE,Divers,,,4,,,,,,,,
BE,Ministère des Affaires économiques,,,4,,,,,,,,
BE,"Société coopérative à responsabilité illimitée et solidaire, société coopérative de participation",,,3,,,,,,,,
BE,Autre forme à finalité sociale de droit public,,,2,,,,,,,,
BE,Groupement d'intérêt économique à finalité sociale,,,2,,,,,,,,
BE,Ministère de la Région de Bruxelles-Capitale,,,2,,,,,,,,
BE,Ministère des Finances,,,2,,,,,,,,
BE,Organisme immatriculé par l'ONSS-APL,,,2,,,,,,,,
BE,Société privée à responsabilité limitée unipersonnelle à finalité sociale,,,2,,,,,,,,
BE,Association d'assurances mutuelles de droit public,,,1,,,,,,,,
BE,"Coopérative à responsabilité illimitée, coopérative de participation, de droit public",,,1,,,,,,,,
BE,Institution sans but lucratif,,,1,,,,,,,,
BE,Ministère de l'Agriculture,,,1,,,,,,,,
BE,Ministère de la Défense,,,1,,,,,,,,
BE,"Ministère des Affaires sociales, de la Santé publique et de l'Environnement",,,1,,,,,,,,
BE,"Ministère des Affaires étrangères, Commerce extérieur et Coopération au Développement",,,1,,,,,,,,
BE,Ministère des Classes moyennes,,,1,,,,,,,,
BE,Ministère des Communications,,,1,,,,,,,,
BE,Ministère des Communications et de l'Infrastructure,,,1,,,,,,,,
BE,Monts-de-Piété,,,1,,,,,,,,
BE,Parti politique européen,,,1,,,,,,,,
BE,Services du Premier Ministre,,,1,,,,,,,,
BE,Société en commandite par actions à finalité sociale,,,1,,,,,,,,
BE,Syndicat,,,1,,,,,,,,
BG,Едноличен търговец,bg,Sole Trader,,BG TR,1,ET,,,,,
BG,Събирателно дружество,bg,General Partnership,,BG TR,2,SD,,,,,
BG,Командитно дружество,bg,Limited Partnership,,BG TR,3,KD,,,,,
BG,Дружество с ограничена отговорност,bg,Limited Liability Company,,BG TR,4,OOD,,,,,
BG,Акционерно дружество,bg,Joint-Stock Company,,BG TR,5,AD,,,,,
BG,Командитно дружество с акции,bg,Limited Partnership by shares,,BG TR,6,KDA,,,,,
BG,Кооперация,bg,Cooperative,,BG TR,7,K,,,,,
BG,Клон на чуждестранен търговец,bg,Branch of a Foreign Trader,,BG TR,8,KCHT,,,,,
BG,Търговец публично предприятие,bg,State Owned Enterprise,,BG TR,9,TPP,,,,,
BG,Еднолично Дружество с ограничена отговорност,bg,Single Limited Liability Company,,BG TR,10,EOOD,,,,,
BG,Еднолично Акционерно дружество,bg,Single Joint-Stock Company,,BG TR,11,EAD,,,,,
BG,Акционерно дружество със специално инвестиционна цел,bg,Joint-Stock Company with special investment purpose,,BG TR,12,IAD,,,,,
BG,Търговец публично предприятие -държавно,bg,State Owned Enterprise - National,,BG TR,13,TPPD,,,,,
BG,Търговец публично предприятие -общинско,bg,State Owned Enterprise - Municipal,,BG TR,14,TPPO,,,,,
BG,Еднолично Акционерно дружество със специално инвестиционна цел,bg,Single Joint-Stock Company with special investment purpose,,BG TR,15,IEAD,,,,,
BG,Европейско обединение по икономически интереси ЕОИИ,bg,European Economic Interest Grouping (EEIG),,BG TR,16,EUIE,,,,,
BG,Поделение на ЕОИИ,bg,Division of European Economic Interest Grouping (EEIG),,BG TR,17,DEUIE,,,,,
BG,Европейско дружество,bg,European Company,,BG TR,18,ED,,,,,
BG,Европейско кооперативно дружество,bg,European Cooperative Company,,BG TR,19,EKD,,,,,
BG,Европейско кооперативно дружество с ограничена отговорност,bg,European Limited Cooperative Company,,BG TR,20,LEKD,,,,,
BG,Дружество регистрирано в юрисдикция с преференциален данъчен режим,bg,Company registered in a jurisdiction with preferential tax regime,,BG TR,,CHD,,,,,
BG,Чуждестранно дружество - физическо лице,bg,Foreign sole trader,,BG TR,,CHDF,,,,,
BG,Чуждестранно дружество - юридическо лице,bg,Foreign trader,,BG TR,,CHDU,,,,,
BH,Individual Establishment,,,59951,,,,,,,,
BH,With Limited Liability Company,,,5376,,,,,,,,
BH,Partnership Company,,,1645,,,,,,,,
BH,SINGLE PERSON COMPANY,,,1120,,,,,,,,
BH,Closed Joint Stock Company,,,1098,,,,,,,,
BH,Foreign Branches Company,,,573,,,,,,,,
BH,Simple Comandite Company,,,281,,,,,,,,
BH,Public Joint Stock Company,,,216,,,,,,,,
BH,Exempt Closed Joint Stock Company Resident,,,181,,,,,,,,
BH,With Limited Liability Company -(100% Foreign),,,61,,,,,,,,
BH,Exempt Closed Joint Stock Company (Non-Resident),,,41,,,,,,,,
BH,Specialized Partnership Company,,,16,,,,,,,,
BH,Closed joint Stock Co. (Foreign Capital Co.),,,8,,,,,,,,
BH,With Limited Liability Company -(Joint Venture),,,4,,,,,,,,
BH,Exempt Public Joint Stock Company,,,2,,,,,,,,
BH,Single Person Company,,,2,,,,,,,,
BH,Commandite Company By Shares,,,1,,,,,,,,
BY,Предприниматель,,Entrepreneur,1000611,,,,,,,,
CH,Aktiengesellschaft,,,380953,,,,,,,,
CH,Einzelunternehmen,,,360062,,,,,,,,
CH,Gesellschaft mit beschränkter Haftung,,,255542,,,,,,,,
CH,Stiftung,,,34206,,,,,,,,
CH,Kollektivgesellschaft,,,32037,,,,,,,,
CH,Schweizerische Zweigniederlassung,,,19165,,,,,,,,
CH,Genossenschaft,,,17554,,,,,,,,
CH,Verein,,,12869,,,,,,,,
CH,Kommanditaktiengesellschaft,,,7710,,,,,,,,
CH,Ausländische Zweigniederlassung,,,4572,,,,,,,,
CH,Kommanditgesellschaft,,,4270,,,,,,,,
CH,Besondere Rechtsformen,,,396,,,,,,,,
CH,Institut des öffentlichen Rechts,,,324,,,,,,,,
CH,Gemeinderschaft,,,10,,,,,,,,
CH,Nichtkaufmännische Prokura,,,4,,,,,,,,
CY,Limited Company,,,370666,,,,,,,,
CY,Partnership,,,9228,,,,,,,,
CY,Overseas Company,,,2984,,,,,,,,
CY,Partnership (BN),,,225,,,,,,,,
DK,Enkeltmandsvirksomhed,,,705001,,,,,,,,
DK,Anpartsselskab,,,415771,,,,,,,,
DK,Frivillig forening,,,98513,,,,,,,,
DK,Interessentskab,,,88734,,,,,,,,
DK,Aktieselskab,,,81841,,,,,,,,
DK,Forening,,,69551,,,,,,,,
DK,Iværksætterselskab,,,29578,,,,,,,,
DK,Personligt ejet Mindre Virksomhed,,,24560,,,,,,,,
DK,Anden udenlandsk virksomhed,,,16575,,,,,,,,
DK,Fonde og andre selvejende institutioner,,,12977,,,,,,,,
DK,Kommanditselskab,,,8121,,,,,,,,
DK,Enhed under oprettelse i Erhvervsstyrelsen,,,7750,,,,,,,,
DK,Øvrige virksomhedsformer,,,7320,,,,,,,,
DK,Folkekirkelige Institutioner,,,3209,,,,,,,,
DK,Selskab med begrænset ansvar,,,3140,,,,,,,,
DK,"Filial af udenlandsk aktieselskab, kommanditakties",,,2220,,,,,,,,
DK,Erhvervsdrivende fond,,,2031,,,,,,,,
DK,Andelsselskab (-forening),,,1723,,,,,,,,
DK,Filial af udenlandsk anpartsselskab eller selskab,,,1489,,,,,,,,
DK,Uoplyst virksomhedsform,,,1330,,,,,,,,
DK,Andelsselskab (-forening) med begrænset ansvar,,,1269,,,,,,,,
DK,Kommanditaktieselskab/Partnerselskab,,,1183,,,,,,,,
DK,Dødsbo,,,1168,,,,,,,,
DK,Forening med begrænset ansvar,,,741,,,,,,,,
DK,Partrederi,,,638,,,,,,,,
DK,Primærkommune,,,345,,,,,,,,
DK,Statslig administrativ enhed,,,338,,,,,,,,
DK,Særlig finansiel virksomhed,,,231,,,,,,,,
DK,Forening eller selskab med begrænset ansvar,,,129,,,,,,,,
DK,Amtskommune,,,15,,,,,,,,
DK,Filial af udenlandsk virksomhed med begrænset ansv,,,14,,,,,,,,
DK,Europæisk Økonomisk Firmagruppe,,,11,,,,,,,,
DK,SE-selskab,,,11,,,,,,,,
DK,Selvstændig offentlig virksomhed,,,8,,,,,,,,
DK,Region,,,5,,,,,,,,
DK,Fast forretningssted af Europæisk økonomisk Firmag,,,2,,,,,,,,
DK,Filial af SE-selskab,,,1,,,,,,,,
DK,Medarbejderinvesteringsselskab,,,1,,,,,,,,
ES,Sociedad Limitada,,,1513663,,,,,,,,
ES,Sociedad Anónima,,,201384,,,,,,,,
ES,Sociedad Limitada Laboral,,,20428,,,,,,,,
ES,Sociedad Limitada Nueva Empresa,,,6269,,,,,,,,
ES,Sociedad de Responsabilidad Limitada,,,4249,,,,,,,,
ES,Sociedad Anónima Laboral,,,3432,,,,,,,,
ES,Agrupación de Interés Económico,,,1484,,,,,,,,
ES,Unión Temporal de Empresas,,,1035,,,,,,,,
ES,Sociedad Cooperativa,,,984,,,,,,,,
ES,Sociedad Cooperativa Limitada,,,983,,,,,,,,
ES,Sociedad Cooperativa Andaluza,,,582,,,,,,,,
ES,Sociedad Civil,,,526,,,,,,,,
ES,Sociedad Regular Colectiva,,,453,,,,,,,,
ES,Sociedad Agraria de Transformación,,,327,,,,,,,,
ES,Comunidad de Bienes,,,205,,,,,,,,
ES,Sociedad Limitada Unipersonal,,,124,,,,,,,,
ES,Agrupación Europea de Interés Económico,,,100,,,,,,,,
ES,Sociedad Civil Particular/Privada,,,62,,,,,,,,
ES,Sociedad Anónima Deportiva,,,54,,,,,,,,
ES,Sociedad en Comandita,,,47,,,,,,,,
ES,Sociedad Anónima Española,,,22,,,,,,,,
ES,Sociedad Anónima Unipersonal,,,6,,,,,,,,
ES,Sociedad de Garantía Recíproca,,,5,,,,,,,,
FI,Osakeyhtiö,,,425903,,,,,,,,
FI,Yksityinen elinkeinonharjoittaja,,,175030,,,,,,,,
FI,Asunto-osakeyhtiö,,,92023,,,,,,,,
FI,Kommandiittiyhtiö,,,22307,,,,,,,,
FI,Aatteellinen yhdistys,,,20987,,,,,,,,
FI,Ulkomainen yhteisö,,,11478,,,,,,,,
FI,Avoin yhtiö,,,10433,,,,,,,,
FI,Muut oikeushenkilöt,,,9601,,,,,,,,
FI,Verotusyhtymä,,,9098,,,,,,,,
FI,Kuolinpesä,,,7852,,,,,,,,
FI,Osuuskunta,,,6455,,,,,,,,
FI,Konkurssipesä,,,3437,,,,,,,,
FI,Yhteisetuudet,,,2037,,,,,,,,
FI,,,,1808,,,,,,,,
FI,Sivuliike,,,1443,,,,,,,,
FI,Muu yhdistys,,,1243,,,,,,,,
FI,Säätiö,,,1087,,,,,,,,
FI,Muu yhteisvast.pidätysvelvollinen,,,782,,,,,,,,
FI,Elinkeinoyhtymä,,,744,,,,,,,,
FI,Julkinen osakeyhtiö,,,335,,,,,,,,
FI,Yhteismetsä,,,180,,,,,,,,
FI,Rekisteröity uskonnollinen yhdyskunta,,,167,,,,,,,,
FI,Erityislainsäädäntöön perustuva yhdistys,,,166,,,,,,,,
FI,Muu verotuksen yksikkö,,,156,,,,,,,,
FI,Muu säätiö,,,155,,,,,,,,
FI,Muu taloudellinen yhdistys,,,123,,,,,,,,
FI,Eläkesäätiö,,,100,,,,,,,,
FI,Muu kiinteistöosakeyhtiö,,,75,,,,,,,,
FI,Ev.lut.kirkko,,,67,,,,,,,,
FI,Vakuutuskassa,,,64,,,,,,,,
FI,Valtio ja sen laitokset,,,63,,,,,,,,
FI,Osuuspankki,,,60,,,,,,,,
FI,Kuntayhtymä,,,50,,,,,,,,
FI,Kunta,,,35,,,,,,,,
FI,VOY,,,35,,,,,,,,
FI,Muu julkisoikeudellinen oikeushenkilö,,,25,,,,,,,,
FI,Muu yhtiö,,,25,,,,,,,,
FI,Metsänhoitoyhdistys,,,21,,,,,,,,
FI,Keskinäinen vakuutusyhtiö,,,20,,,,,,,,
FI,Vakuutusyhdistys,,,19,,,,,,,,
FI,Keskinäinen kiinteistöosakeyhtiö,,,17,,,,,,,,
FI,Säästöpankki,,,15,,,,,,,,
FI,Valtion liikelaitos,,,15,,,,,,,,
FI,Ylioppilaskunta tai osakunta,,,15,,,,,,,,
FI,Työeläkekassa,,,10,,,,,,,,
FI,Työttömyyskassa,,,10,,,,,,,,
FI,Taloudellinen yhdistys,,,5,,,,,,,,
FI,Laivanisännistöyhtiö,,,4,,,,,,,,
FI,Ahvenanmaan maakunta ja sen virastot,,,3,,,,,,,,
FI,Asumisoikeusyhdistys,,,3,,,,,,,,
FI,Eurooppayhtiö,,,3,,,,,,,,
FI,Eurooppalainen taloudellinen etuyhtymä,,,2,,,,,,,,
FI,Kunnallinen liikelaitos,,,2,,,,,,,,
FI,Ei yritysmuotoa,,,1,,,,,,,,
FI,Erillishallinnollinen valtion laitos,,,1,,,,,,,,
FI,Euroopp.taloudell.etuyht.sivutoimipaikka,,,1,,,,,,,,
FI,Eurooppavakuutusosakeyhtiö,,,1,,,,,,,,
FI,Hypoteekkiyhdistys,,,1,,,,,,,,
FI,Keskinäinen vahinkovak.yhdistys,,,1,,,,,,,,
FI,Ortodoksinen kirkko,,,1,,,,,,,,
FI,Vakuutusosakeyhtiö,,,1,,,,,,,,
FR,Société civile immobilière,,,1376252,,,,,,,,
FR,Profession libérale,,,1197593,,,,,,,,
FR,Société à responsabilité limitée (sans autre indication),,,1108191,,,,,,,,
FR,Association déclarée,,,817347,,,,,,,,
FR,Artisan,,,653847,,,,,,,,
FR,Commerçant,,,606340,,,,,,,,
FR,Autre entrepreneur individuel,,,517616,,,,,,,,
FR,Exploitant agricole,,,497381,,,,,,,,
FR,SARL unipersonnelle,,,421881,,,,,,,,
FR,"SAS, société par actions simplifiée",,,315691,,,,,,,,
FR,Société à responsabilité limitée,,,244139,,,,,,,,
FR,Autre société civile,,,239646,,,,,,,,
FR,Société par actions simplifiée à associé unique ou société par actions simplifiée unipersonnelle,,,221984,,,,,,,,
FR,Artisan-commerçant,,,203895,,,,,,,,
FR,Syndicat de copropriété,,,157272,,,,,,,,
FR,Société à responsabilité limitée à associé unique,,,97039,,,,,,,,
FR,Exploitation agricole à responsabilité limitée,,,85996,,,,,,,,
FR,Société étrangère non immatriculée au RCS,,,59448,,,,,,,,
FR,Indivision entre personnes physiques,,,49867,,,,,,,,
FR,Société en nom collectif,,,48227,,,,,,,,
FR,Societe a responsabilite limitee,,,46716,,,,,,,,
FR,Groupement agricole d'exploitation en commun (GAEC),,,46353,,,,,,,,
FR,Société civile immobilière de construction-vente,,,44647,,,,,,,,
FR,Société civile de moyens,,,39868,,,,,,,,
FR,Commune,,,35937,,,,,,,,
FR,Société d'exercice libéral à responsabilité limitée,,,30898,,,,,,,,
FR,Société civile d'exploitation agricole,,,30391,,,,,,,,
FR,Groupement foncier agricole,,,29181,,,,,,,,
FR,SA à conseil d'administration (s.a.i.),,,28176,,,,,,,,
FR,Centre communal d'action sociale,,,25793,,,,,,,,
FR,Societe a responsabilite limitee a associe unique,,,21851,,,,,,,,
FR,Société par actions simplifiée,,,21850,,,,,,,,
FR,"Association de droit local (Bas-Rhin, Haut-Rhin et Moselle)",,,20955,,,,,,,,
FR,Société créée de fait entre personnes physiques,,,20426,,,,,,,,
FR,Autre groupement de droit privé non doté de la personnalité morale,,,18934,,,,,,,,
FR,Société par actions simplifiée à associé unique,,,14705,,,,,,,,
FR,Société commerciale étrangère immatriculée au RCS,,,13674,,,,,,,,
FR,Coopérative d'utilisation de matériel agricole en commun (CUMA),,,13581,,,,,,,,
FR,Groupement d'intérêt économique (GIE),,,8363,,,,,,,,
FR,Établissement public local d'enseignement,,,7996,,,,,,,,
FR,Groupement forestier,,,7841,,,,,,,,
FR,Syndicat intercommunal à vocation unique (SIVU),,,7510,,,,,,,,
FR,Société anonyme,,,7243,,,,,,,,
FR,Societe par actions simplifiee,,,7183,,,,,,,,
FR,Societe par actions simplifiee a associe unique,,,6919,,,,,,,,
FR,Association foncière de remembrement,,,6893,,,,,,,,
FR,Groupement d'employeurs,,,6768,,,,,,,,
FR,Caisse des écoles,,,5801,,,,,,,,
FR,Association syndicale autorisée,,,5488,,,,,,,,
FR,Syndicat de salariés,,,4011,,,,,,,,
FR,Syndicat patronal,,,3904,,,,,,,,
FR,Comité central d'entreprise,,,3710,,,,,,,,
FR,Societe en nom collectif,,,3016,,,,,,,,
FR,Association syndicale libre,,,2780,,,,,,,,
FR,Société à responsabilité limitée à capital variable,,,2726,,,,,,,,
FR,SA à directoire (s.a.i.),,,2699,,,,,,,,
FR,Société coopérative agricole,,,2694,,,,,,,,
FR,SCP de notaires,,,2436,,,,,,,,
FR,"Association déclarée, reconnue d'utilité publique",,,2332,,,,,,,,
FR,Autre personne morale de droit privé,,,2286,,,,,,,,
FR,SCP d'avocats,,,2110,,,,,,,,
FR,Paroisse hors zone concordataire,,,2066,,,,,,,,
FR,Comité d'établissement,,,1966,,,,,,,,
FR,Caisse de crédit agricole mutuel,,,1964,,,,,,,,
FR,Société de droit étranger,,,1920,,,,,,,,
FR,Syndicat mixte fermé,,,1895,,,,,,,,
FR,Société de participations financières de profession libérale société à responsabilité limitée,,,1875,,,,,,,,
FR,Établissement public des cultes d'Alsace-Lorraine,,,1745,,,,,,,,
FR,Autre société civile professionnelle,,,1740,,,,,,,,
FR,Mutuelle,,,1734,,,,,,,,
FR,Société d'exercice libéral par action simplifiée,,,1714,,,,,,,,
FR,Caisse locale de crédit mutuel,,,1708,,,,,,,,
FR,Ordre professionnel ou assimilé,,,1686,,,,,,,,
FR,Association non déclarée,,,1642,,,,,,,,
FR,Autre SARL coopérative,,,1539,,,,,,,,
FR,SCP d'infirmiers,,,1444,,,,,,,,
FR,Établissement public local social et médico-social,,,1421,,,,,,,,
FR,SARL coopérative ouvrière de production et de crédit (SCOP),,,1348,,,,,,,,
FR,Societe anonyme,,,1328,,,,,,,,
FR,Communauté de communes,,,1319,,,,,,,,
FR,SCP de médecins,,,1294,,,,,,,,
FR,SARL nationale,,,1250,,,,,,,,
FR,Autre personne morale de droit étranger,,,1194,,,,,,,,
FR,Société civile d'attribution,,,1174,,,,,,,,
FR,Syndicat intercommunal à vocation multiple (SIVOM),,,1115,,,,,,,,
FR,Société anonyme à conseil d'administration,,,1113,,,,,,,,
FR,Autre organisme professionnel,,,1098,,,,,,,,
FR,SCP de vétérinaires,,,1092,,,,,,,,
FR,Société en commandite simple,,,1030,,,,,,,,
FR,Congrégation,,,1009,,,,,,,,
FR,Groupement foncier et rural,,,1001,,,,,,,,
FR,Indivision avec personne morale,,,976,,,,,,,,
FR,Section de commune,,,933,,,,,,,,
FR,SCP d'huissiers,,,906,,,,,,,,
FR,Établissement d'hospitalisation,,,901,,,,,,,,
FR,Établissement public local à caractère industriel ou commercial,,,900,,,,,,,,
FR,Société en participation entre personnes physiques,,,888,,,,,,,,
FR,Syndicat mixte ouvert,,,869,,,,,,,,
FR,Fondation,,,860,,,,,,,,
FR,SA d'économie mixte à conseil d'administration,,,744,,,,,,,,
FR,Société d'investissement à capital variable (SICAV) à conseil d'administration,,,737,,,,,,,,
FR,Société civile coopérative de construction,,,734,,,,,,,,
FR,Service déconcentré de l'État à compétence (inter) départementale,,,727,,,,,,,,
FR,Autre SA coopérative à conseil d'administration,,,725,,,,,,,,
FR,Groupement d'intérêt public (GIP),,,723,,,,,,,,
FR,Société créée de fait avec personne morale,,,720,,,,,,,,
FR,Assurance mutuelle agricole,,,650,,,,,,,,
FR,Société en commandite par actions,,,598,,,,,,,,
FR,Association déclarée d'insertion par l'économique,,,559,,,,,,,,
FR,Société en participation de professions libérales,,,544,,,,,,,,
FR,SCP de dentistes,,,537,,,,,,,,
FR,Association intermédiaire,,,530,,,,,,,,
FR,Commune associée,,,516,,,,,,,,
FR,Societe a responsabilite limitee a capital variable,,,508,,,,,,,,
FR,"État, collectivité ou établissement public étranger",,,483,,,,,,,,
FR,Association d'avocats à responsabilité professionnelle individuelle,,,469,,,,,,,,
FR,SCP de masseurs-kinésithérapeutes,,,445,,,,,,,,
FR,Societe a responsabilite limitee de presse,,,428,,,,,,,,
FR,Sociétés interprofessionnelles de soins ambulatoires,,,428,,,,,,,,
FR,Régie d'une collectivité locale à caractère industriel ou commercial,,,403,,,,,,,,
FR,Société de participations financières de profession libérale société par actions simplifiée,,,399,,,,,,,,
FR,Centre Intercommunal d'action sociale (CIAS),,,386,,,,,,,,
FR,Groupement de coopération sanitaire à gestion publique,,,382,,,,,,,,
FR,Régime général de la Sécurité Sociale,,,368,,,,,,,,
FR,Société à responsabilité limitée  à associé unique et capital variable,,,368,,,,,,,,
FR,SARL coopérative artisanale,,,362,,,,,,,,
FR,Organisme consulaire,,,349,,,,,,,,
FR,Groupement agricole foncier,,,344,,,,,,,,
FR,Société à responsabilité limitée d'un Etat membre de la CE ou partie à l'accord sur l'Espace économique européen,,,343,,,,,,,,
FR,Service déconcentré de l'État à compétence (inter) régionale,,,329,,,,,,,,
FR,Groupement pastoral,,,318,,,,,,,,
FR,Union de sociétés coopératives agricoles,,,315,,,,,,,,
FR,Association coopérative inscrite (droit local Alsace Moselle),,,311,,,,,,,,
FR,Autre société civile coopérative,,,309,,,,,,,,
FR,Société civile foncière,,,307,,,,,,,,
FR,Societe de droit etranger,,,305,,,,,,,,
FR,Société par actions simplifiée à capital variable,,,299,,,,,,,,
FR,(Autre) Service déconcentré de l'État à compétence territoriale,,,298,,,,,,,,
FR,Société anonyme à directoire et conseil de surveillance,,,298,,,,,,,,
FR,SA coopérative ouvrière de production et de crédit (SCOP) à conseil d'administration,,,283,,,,,,,,
FR,SCP d'architectes,,,264,,,,,,,,
FR,Association foncière urbaine,,,255,,,,,,,,
FR,Groupement européen d'intérêt économique (GEIE),,,248,,,,,,,,
FR,Société civile d'intérêt collectif agricole (SICA),,,246,,,,,,,,
FR,Société en participation avec personne morale,,,241,,,,,,,,
FR,Groupement de coopération sanitaire à gestion privée,,,239,,,,,,,,
FR,Société civile de placement collectif immobilier (SCPI),,,226,,,,,,,,
FR,Communauté d'agglomération,,,223,,,,,,,,
FR,Société à responsabilité limitée de presse,,,222,,,,,,,,
FR,Institution de retraite complémentaire,,,217,,,,,,,,
FR,Service central d'un ministère,,,209,,,,,,,,
FR,Commission syndicale pour la gestion des biens indivis des communes,,,204,,,,,,,,
FR,(Autre) Établissement public administratif local,,,201,,,,,,,,
FR,Societe anonyme a conseil d'administration,,,188,,,,,,,,
FR,Établissement public national à caractère administratif,,,185,,,,,,,,
FR,Établissement public national à caractère scientifique culturel et professionnel,,,182,,,,,,,,
FR,SCP d'avocats aux conseils,,,160,,,,,,,,
FR,Société coopérative à responsabilité limitée à capital variable,,,156,,,,,,,,
FR,Société d'assurance à forme mutuelle,,,154,,,,,,,,
FR,SCP de géomètres experts,,,149,,,,,,,,
FR,Société européenne,,,146,,,,,,,,
FR,Société d'exercice libéral à forme anonyme à conseil d'administration,,,143,,,,,,,,
FR,Caisse (fédérale) de crédit mutuel,,,139,,,,,,,,
FR,Société par actions simplifiée  à associé unique et capital variable,,,137,,,,,,,,
FR,Société d'investissement à capital variable,,,134,,,,,,,,
FR,SA nationale à conseil d'administration,,,133,,,,,,,,
FR,Société coopérative ouvrière de production à responsabilité limitée,,,130,,,,,,,,
FR,Societe a responsabilite limitee  a associe unique et capital variable,,,117,,,,,,,,
FR,Régie d'une collectivité locale à caractère administratif,,,113,,,,,,,,
FR,Régime spécial de Sécurité Sociale,,,111,,,,,,,,
FR,SA de HLM à conseil d'administration,,,111,,,,,,,,
FR,SA coopérative artisanale à conseil d'administration,,,110,,,,,,,,
FR,SCP de directeurs de laboratoire d'analyse médicale,,,110,,,,,,,,
FR,SCP de commissaires-priseurs,,,107,,,,,,,,
FR,Représentation ou agence commerciale d'état ou organisme public étranger immatriculé au RCS,,,104,,,,,,,,
FR,SCP d'avoués d'appel,,,104,,,,,,,,
FR,Autre établissement public national d'enseignement,,,100,,,,,,,,
FR,SA nationale à directoire,,,100,,,,,,,,
FR,SA d'intérêt collectif agricole (SICA) à conseil d'administration,,,97,,,,,,,,
FR,Département,,,96,,,,,,,,
FR,Pôle d'équilibre territorial (PETR),,,96,,,,,,,,
FR,SARL d'intérêt collectif agricole (SICA),,,96,,,,,,,,
FR,Société anonyme d'un Etat membre de la CE ou partie à l'accord sur l'Espace économique européen,,,96,,,,,,,,
FR,Societe par actions simplifiee a capital variable,,,94,,,,,,,,
FR,Service départemental d'incendie et de secours (SDIS),,,92,,,,,,,,
FR,Autre établissement public national administratif à compétence territoriale limitée,,,90,,,,,,,,
FR,Autre organisme mutualiste,,,88,,,,,,,,
FR,Mutualité sociale agricole,,,85,,,,,,,,
FR,Société à responsabilité limitée d'un Etat non membre de la CE ou non partie à l'accord sur l'Espace économique européen,,,85,,,,,,,,
FR,Organisation internationale,,,82,,,,,,,,
FR,Service déconcentré à compétence nationale d'un ministère (hors Défense),,,82,,,,,,,,
FR,SA coopérative de production de HLM à conseil d'administration,,,79,,,,,,,,
FR,Societe en commandite simple,,,79,,,,,,,,
FR,Centre technique industriel ou comité professionnel du développement économique,,,72,,,,,,,,
FR,SCP de conseils juridiques,,,71,,,,,,,,
FR,SA coopérative de commerçants-détaillants à conseil d'administration,,,70,,,,,,,,
FR,Société coopérative à forme anonyme à capital variable,,,70,,,,,,,,
FR,SA coopérative (d'intérêt) maritime à conseil d'administration,,,69,,,,,,,,
FR,SA coopérative de consommation à conseil d'administration,,,68,,,,,,,,
FR,Société de caution mutuelle,,,67,,,,,,,,
FR,SCP de greffiers de tribunal de commerce,,,66,,,,,,,,
FR,Societe par actions simplifiee  a associe unique et capital variable,,,66,,,,,,,,
FR,Société anonyme d'économie mixte,,,66,,,,,,,,
FR,Société coopérative ouvrière de production à responsabilité limitée à capital variable,,,65,,,,,,,,
FR,Société étrangère immatriculée au RCS,,,65,,,,,,,,
FR,Établissement public national à caractère industriel ou commercial doté d'un comptable public,,,65,,,,,,,,
FR,Société d'investissement à capital variable (SICAV) à directoire,,,64,,,,,,,,
FR,Syndicat mixte communal,,,64,,,,,,,,
FR,Société coopérative à responsabilité limitée,,,63,,,,,,,,
FR,Autre SA coopérative à directoire,,,62,,,,,,,,
FR,Établissement public local culturel,,,61,,,,,,,,
FR,Société d'exercice libéral en commandite par actions,,,59,,,,,,,,
FR,Société coopérative de production à responsabilité limitée à capital variable,,,56,,,,,,,,
FR,SARL d'attribution,,,55,,,,,,,,
FR,Societe a responsabilite limitee d'un Etat membre de la CE ou partie a l'accord sur l'Espace economique europeen,,,55,,,,,,,,
FR,Autre personne morale de droit administratif,,,53,,,,,,,,
FR,Société anonyme d'un Etat non membre de la CE ou non partie à l'accord sur l'Esp,,,51,,,,,,,,
FR,Institution interdépartementale ou entente,,,48,,,,,,,,
FR,Societe anonyme a directoire et conseil de surveillance,,,48,,,,,,,,
FR,SCP de commissaires aux comptes,,,47,,,,,,,,
FR,Autorité administrative indépendante,,,46,,,,,,,,
FR,Ministère,,,46,,,,,,,,
FR,Société civile coopérative entre médecins,,,44,,,,,,,,
FR,Société d'exercice libéral à forme anonyme à directoire,,,44,,,,,,,,
FR,Autre personne de droit privé inscrite au registre du commerce et des sociétés,,,42,,,,,,,,
FR,Société coopérative à forme anonyme,,,42,,,,,,,,
FR,SA d'économie mixte à directoire,,,39,,,,,,,,
FR,Autre syndicat mixte,,,33,,,,,,,,
FR,Régime d'assurance chômage,,,33,,,,,,,,
FR,SARL coopérative de transport,,,31,,,,,,,,
FR,Societe cooperative a responsabilite limitee a capital variable,,,31,,,,,,,,
FR,Societe cooperative ouvriere de production a responsabilite limitee,,,31,,,,,,,,
FR,Société coopérative artisanale à responsabilité limitée,,,29,,,,,,,,
FR,Société coopérative de production à responsabilité limitée,,,27,,,,,,,,
FR,Société coopérative de banque populaire,,,25,,,,,,,,
FR,SA d'aménagement foncier et d'équipement rural (SAFER) à conseil d'administration,,,24,,,,,,,,
FR,Société de placement à prépondérance immobilière à capital variable,,,24,,,,,,,,
FR,SARL union de sociétés coopératives,,,23,,,,,,,,
FR,Établissement public national à caractère industriel ou commercial non doté d'un comptable public,,,23,,,,,,,,
FR,Etablissement public à caractère industriel et commercial,,,22,,,,,,,,
FR,Societe anonyme d'economie mixte,,,22,,,,,,,,
FR,Societe cooperative a forme anonyme a capital variable,,,22,,,,,,,,
FR,Société coopérative artisanale à responsabilité limitée et capital variable,,,22,,,,,,,,
FR,Societe d'investissement a capital variable,,,20,,,,,,,,
FR,SA d'intérêt collectif agricole (SICA),,,19,,,,,,,,
FR,SA de HLM à directoire,,,19,,,,,,,,
FR,Société civile coopérative de consommation,,,19,,,,,,,,
FR,Caisse de crédit municipal,,,18,,,,,,,,
FR,SARL coopérative de consommation,,,17,,,,,,,,
FR,Société civile coopérative d'intérêt maritime,,,16,,,,,,,,
FR,Societe anonyme d'un Etat membre de la CE ou partie a l'accord sur l'Espace economique europeen,,,15,,,,,,,,
FR,Société en nom collectif coopérative,,,15,,,,,,,,
FR,Société à responsabilité limitée de presse à associé unique,,,15,,,,,,,,
FR,Communauté urbaine,,,14,,,,,,,,
FR,Métropole,,,14,,,,,,,,
FR,Pôle Métropolitain,,,14,,,,,,,,
FR,Societe a responsabilite limitee d'un Etat non membre de la CE ou non partie a l'accord sur l'Espace economique europeen,,,14,,,,,,,,
FR,Societe cooperative ouvriere de production a responsabilite limitee a capital variable,,,14,,,,,,,,
FR,Societe en commandite par actions,,,14,,,,,,,,
FR,Societe etrangere immatriculee au RCS,,,14,,,,,,,,
FR,Société coopérative d'intérêt collectif à responsabilité limitée,,,14,,,,,,,,
FR,Société coopérative ouvrière de production à forme anonyme,,,14,,,,,,,,
FR,Région,,,13,,,,,,,,
FR,Societe cooperative de production a responsabilite limitee a capital variable,,,13,,,,,,,,
FR,Société coopérative de production à forme anonyme et capital variable,,,12,,,,,,,,
FR,Autre régime de prévoyance sociale,,,11,,,,,,,,
FR,SA coopérative de consommation à directoire,,,11,,,,,,,,
FR,SA coopérative ouvrière de production et de crédit (SCOP) à directoire,,,11,,,,,,,,
FR,SA union de sociétés coopératives à conseil d'administration,,,11,,,,,,,,
FR,Societe cooperative a forme anonyme,,,11,,,,,,,,
FR,Societe cooperative a responsabilite limitee,,,11,,,,,,,,
FR,Institution de prévoyance,,,10,,,,,,,,
FR,Régime vieillesse ne dépendant pas du régime général de la Sécurité Sociale,,,10,,,,,,,,
FR,SA immobilière pour le commerce et l'industrie (SICOMI) à conseil d'administration,,,10,,,,,,,,
FR,Societe cooperative de credit a capital variable et responsabilite statutairemen,,,10,,,,,,,,
FR,Société coopérative maritime à forme anonyme,,,10,,,,,,,,
FR,Etablissement public a caractere industriel et commercial,,,9,,,,,,,,
FR,SA coopérative de construction à conseil d'administration,,,9,,,,,,,,
FR,SARL d'économie mixte,,,9,,,,,,,,
FR,Société anonyme d'HLM,,,9,,,,,,,,
FR,Société coopérative d'intérêt collectif à responsabilité limitée à capital variable,,,9,,,,,,,,
FR,Société d'intérêt collectif agricole à forme anonyme,,,9,,,,,,,,
FR,Société d'intérêt collectif agricole à responsabilité limitée,,,9,,,,,,,,
FR,Société en commandite par actions d'un Etat membre de la CE ou partie à l'accord sur l'Espace économique européen,,,9,,,,,,,,
FR,Autorité constitutionnelle,,,8,,,,,,,,
FR,Caisse d'Épargne et de Prévoyance,,,8,,,,,,,,
FR,SA coopérative de transport à conseil d'administration,,,8,,,,,,,,
FR,SA union de sociétés coopératives à directoire,,,8,,,,,,,,
FR,SA à participation ouvrière à conseil d'administration,,,8,,,,,,,,
FR,Societe anonyme d'un Etat non membre de la CE ou non partie a l'accord sur l'Esp,,,8,,,,,,,,
FR,Societe europeenne,,,8,,,,,,,,
FR,Société anonyme sportive professionnelle,,,8,,,,,,,,
FR,Caisse de crédit maritime mutuel,,,7,,,,,,,,
FR,Régime maladie des non-salariés non agricoles,,,7,,,,,,,,
FR,SARL immobilière de gestion,,,7,,,,,,,,
FR,Societe cooperative artisanale a responsabilite limitee,,,7,,,,,,,,
FR,Société civile immobilière d' accession progressive à la propriété,,,7,,,,,,,,
FR,Société coopérative de consommation à forme anonyme,,,7,,,,,,,,
FR,Société d'économie mixte,,,7,,,,,,,,
FR,Caisse d'épargne et de prévoyance à forme coopérative,,,6,,,,,,,,
FR,Office public d'habitation à loyer modéré (OPHLM),,,6,,,,,,,,
FR,SA coopérative artisanale à directoire,,,6,,,,,,,,
FR,Safer anonyme à directoire,,,6,,,,,,,,
FR,Societe d'exercice liberal a responsabilite limitee,,,6,,,,,,,,
FR,Societe en nom collectif cooperative,,,6,,,,,,,,
FR,Société coopérative de commerçants détaillants à forme anonyme,,,6,,,,,,,,
FR,Société de participations financières de professions libérales à responsabilité limitée,,,6,,,,,,,,
FR,Société à responsabilité limitée nationale,,,6,,,,,,,,
FR,SA d'attribution à conseil d'administration,,,5,,,,,,,,
FR,SARL coopérative d'intérêt maritime,,,5,,,,,,,,
FR,Societe cooperative ouvriere de production a forme anonyme,,,5,,,,,,,,
FR,Societe de caution mutuelle,,,5,,,,,,,,
FR,Société coopérative maritime à forme anonyme et capital variable,,,5,,,,,,,,
FR,Société coopérative ouvrière de production à forme anonyme et capital variable,,,5,,,,,,,,
FR,Société d'exercice libéral par actions simplifiée,,,5,,,,,,,,
FR,Société en commandite par actions à capital variable,,,5,,,,,,,,
FR,SOCIETE COOPERATIVE OUVRIERE DE PRODUCTION,,,4,,,,,,,,
FR,Société coopérative d'intérêt collectif à forme anonyme à capital variable,,,4,,,,,,,,
FR,Société coopérative de travailleurs à forme anonyme,,,4,,,,,,,,
FR,Société d'exercice libéral à responsabilité limitée à associé unique,,,4,,,,,,,,
FR,Société d'intérêt collectif agricole,,,4,,,,,,,,
FR,Société d'intérêt collectif agricole à forme anonyme et conseil d'administration,,,4,,,,,,,,
FR,Société de placement à prépondérance immobilière à capital variable sous la forme SAS,,,4,,,,,,,,
FR,Société en nom collectif à capital variable,,,4,,,,,,,,
FR,Société publique locale,,,4,,,,,,,,
FR,Caisse de crédit mutuel,,,3,,,,,,,,
FR,SA coopérative d'intérêt maritime à directoire,,,3,,,,,,,,
FR,SA coopérative de commerçants-détaillants à directoire,,,3,,,,,,,,
FR,SA immobilière d'investissement à conseil d'administration,,,3,,,,,,,,
FR,Societe anonyme sportive professionnelle,,,3,,,,,,,,
FR,Societe cooperative artisanale a responsabilite limitee et capital variable,,,3,,,,,,,,
FR,Societe cooperative de production a responsabilite limitee,,,3,,,,,,,,
FR,Societe cooperative exploitee sous forme de SARL,,,3,,,,,,,,
FR,Societe cooperative maritime a forme anonyme et capital variable,,,3,,,,,,,,
FR,Societe d'exercice liberal a responsabilite limitee a associe unique,,,3,,,,,,,,
FR,Societe de participations financieres de professions liberales a responsabilite limitee,,,3,,,,,,,,
FR,Societe de placement a preponderance immobiliere a capital variable sous la forme SAS,,,3,,,,,,,,
FR,Société anonyme d'économie mixte à conseil d'administration,,,3,,,,,,,,
FR,Société anonyme nationale à conseil d'administration,,,3,,,,,,,,
FR,Société coopérative artisanale à forme anonyme,,,3,,,,,,,,
FR,Société coopérative d'intérêt collectif à forme anonyme,,,3,,,,,,,,
FR,Société coopérative de consommation à responsabilité limitée,,,3,,,,,,,,
FR,Société coopérative de production de HLM anonyme à directoire,,,3,,,,,,,,
FR,Société d'exercice libéral à forme anonyme,,,3,,,,,,,,
FR,Société d'intérêt collectif agricole par actions simplifiée,,,3,,,,,,,,
FR,Société de participations financières de profession libérale société en commandite par actions,,,3,,,,,,,,
FR,Société en commandite par actions coopérative,,,3,,,,,,,,
FR,Société en commandite simple coopérative,,,3,,,,,,,,
FR,Société par actions d'un Etat membre de la CE ou partie à l'accord sur l'Espace économique européen,,,3,,,,,,,,
FR,Union de coopératives agricoles,,,3,,,,,,,,
FR,(Autre) Collectivité territoriale,,,2,,,,,,,,
FR,Association,,,2,,,,,,,,
FR,Exploitation agricole a responsabilite limitee,,,2,,,,,,,,
FR,Groupement de droit privé non doté de la personnalité morale,,,2,,,,,,,,
FR,Institution de retraite supplémentaire,,,2,,,,,,,,
FR,Institution interrégionale ou entente,,,2,,,,,,,,
FR,SA cooperative a conseil d'administration,,,2,,,,,,,,
FR,SA coopérative de transport à directoire,,,2,,,,,,,,
FR,SA à participation ouvrière à directoire,,,2,,,,,,,,
FR,SARL coopérative de construction,,,2,,,,,,,,
FR,SCOP à conseil d'administration,,,2,,,,,,,,
FR,SOCIETE COOPERATIVE,,,2,,,,,,,,
FR,Societe a responsabilite limitee nationale,,,2,,,,,,,,
FR,Societe anonyme d'economie mixte a conseil d'administration,,,2,,,,,,,,
FR,Societe civile d'interet collectif agricole,,,2,,,,,,,,
FR,Societe cooperative d'interet collectif a forme anonyme,,,2,,,,,,,,
FR,Societe cooperative d'interet collectif a forme anonyme a capital variable,,,2,,,,,,,,
FR,Societe cooperative d'interet collectif a forme anonyme et conseil d'administration,,,2,,,,,,,,
FR,Societe cooperative d'interet collectif a responsabilite limitee,,,2,,,,,,,,
FR,Societe d'exercice liberal par actions simplifiee,,,2,,,,,,,,
FR,Societe d'interet collectif agricole a forme anonyme,,,2,,,,,,,,
FR,Societe de participations financieres de professions liberales a forme de S.A.S.,,,2,,,,,,,,
FR,Societe de placement a preponderance immobiliere a capital variable,,,2,,,,,,,,
FR,Societe en commandite par actions a capital variable,,,2,,,,,,,,
FR,Societe en nom collectif a capital variable,,,2,,,,,,,,
FR,Societe par actions d'un Etat membre de la CE ou partie a l'accord sur l'Espace economique europeen,,,2,,,,,,,,
FR,Société anonyme d'HLM à conseil d'administration,,,2,,,,,,,,
FR,Société anonyme mixte d'intérêt agricole (SMIA) à conseil d'administration,,,2,,,,,,,,
FR,Société civile,,,2,,,,,,,,
FR,Société coopérative d'intérêt collectif agricole à forme anonyme à capital varia,,,2,,,,,,,,
FR,Société coopérative d'intérêt collectif à forme anonyme et conseil d'administration,,,2,,,,,,,,
FR,Société coopérative de commerçants détaillants à forme anonyme et conseil d'administration,,,2,,,,,,,,
FR,Société coopérative de crédit,,,2,,,,,,,,
FR,Société coopérative exploitée sous forme de SARL,,,2,,,,,,,,
FR,Société coopérative par actions simplifiée à capital variable,,,2,,,,,,,,
FR,Société coopérative à capital et personnel variables,,,2,,,,,,,,
FR,Société de participations financières de profession libérale SA à conseil d'administration,,,2,,,,,,,,
FR,Société de participations financières de professions libérales à forme de S.A.S.,,,2,,,,,,,,
FR,Union d'économie sociale - Société coopérative à responsabilité limitée,,,2,,,,,,,,
FR,Union de coopératives,,,2,,,,,,,,
FR,Établissement public national ayant fonction d'administration centrale,,,2,,,,,,,,
FR,Affaire Personnelle agent commercial,,,1,,,,,,,,
FR,Groupement d'intérêt économique,,,1,,,,,,,,
FR,Groupement de droit prive non dote de la personnalite morale,,,1,,,,,,,,
FR,Institution Banque de France,,,1,,,,,,,,
FR,Personne morale de droit privé,,,1,,,,,,,,
FR,Représentation commerciale d'un établissement public étranger,,,1,,,,,,,,
FR,Représentation d'Etat ou organisme public étranger immatriculé,,,1,,,,,,,,
FR,SA coopérative de commerçants - détaillants à conseil d'administration,,,1,,,,,,,,
FR,SA coopérative à conseil d'administration,,,1,,,,,,,,
FR,SA d'attribution à directoire,,,1,,,,,,,,
FR,SA de crédit immobilier à conseil d'administration,,,1,,,,,,,,
FR,SA de crédit immobilier à directoire,,,1,,,,,,,,
FR,SA immobilière pour le commerce et l'industrie (SICOMI) à directoire,,,1,,,,,,,,
FR,SARL immobilière pour le commerce et l'industrie (SICOMI),,,1,,,,,,,,
FR,SARL mixte d'intérêt agricole (SMIA),,,1,,,,,,,,
FR,SICAV à conseil d'administration,,,1,,,,,,,,
FR,SOCIETE COOPERATIVE A CAPITAL VARIABLE,,,1,,,,,,,,
FR,SOCIETE COOPERATIVE DE PRODUCTION,,,1,,,,,,,,
FR,Societe a responsabilite limitee de presse a associe unique,,,1,,,,,,,,
FR,Societe a responsabilite limitee de presse a capital variable,,,1,,,,,,,,
FR,Societe anonyme a objet sportif,,,1,,,,,,,,
FR,Societe anonyme a participation ouvriere,,,1,,,,,,,,
FR,Societe civile,,,1,,,,,,,,
FR,Societe civile cooperative,,,1,,,,,,,,
FR,Societe civile d'exploitation agricole,,,1,,,,,,,,
FR,Societe civile immobiliere,,,1,,,,,,,,
FR,Societe civile professionnelle d'architectes,,,1,,,,,,,,
FR,Societe cooperative a capital et personnel variables,,,1,,,,,,,,
FR,Societe cooperative a responsabilite limitee a capital et personnel variables,,,1,,,,,,,,
FR,Societe cooperative agricole,,,1,,,,,,,,
FR,Societe cooperative artisanale a forme anonyme,,,1,,,,,,,,
FR,Societe cooperative d'interet collectif a forme anonyme  directoire et conseil de surveillance,,,1,,,,,,,,
FR,Societe cooperative d'interet collectif a responsabilite limitee a capital variable,,,1,,,,,,,,
FR,Societe cooperative de consommation a forme anonyme,,,1,,,,,,,,
FR,Societe cooperative de production a forme anonyme et capital variable,,,1,,,,,,,,
FR,Societe cooperative de travailleurs a forme anonyme,,,1,,,,,,,,
FR,Societe cooperative de travailleurs a responsabilite limitee,,,1,,,,,,,,
FR,Societe cooperative europeenne,,,1,,,,,,,,
FR,Societe cooperative maritime a forme anonyme,,,1,,,,,,,,
FR,Societe cooperative ouvriere de production a forme anonyme et capital variable,,,1,,,,,,,,
FR,Societe d'economie mixte,,,1,,,,,,,,
FR,Societe d'interet collectif agricole a responsabilite limitee,,,1,,,,,,,,
FR,Societe etrangere non immatriculee au RCS,,,1,,,,,,,,
FR,Societe publique locale d'amenagement a forme anonyme,,,1,,,,,,,,
FR,Société anonyme de presse,,,1,,,,,,,,
FR,Société civile agricole,,,1,,,,,,,,
FR,Société civile coopérative à capital variable,,,1,,,,,,,,
FR,Société civile d'intérêt collectif agricole,,,1,,,,,,,,
FR,Société civile immobilière de construction vente,,,1,,,,,,,,
FR,Société civile professionnelle d'architectes,,,1,,,,,,,,
FR,Société coop. d'intérêt collectif agricole à resp. limitée à capital variable,,,1,,,,,,,,
FR,Société coopérative artisanale,,,1,,,,,,,,
FR,Société coopérative artisanale à forme anonyme et capital variable,,,1,,,,,,,,
FR,Société coopérative d'entreprises à forme anonyme,,,1,,,,,,,,
FR,Société coopérative d'entreprises à forme anonyme et capital variable,,,1,,,,,,,,
FR,Société coopérative de banque populaire à forme anonyme,,,1,,,,,,,,
FR,Société coopérative de banque à forme anonyme et capital variable,,,1,,,,,,,,
FR,Société coopérative de consommation à forme anonyme et capital variable,,,1,,,,,,,,
FR,Société coopérative de consommation à forme anonyme et conseil d'administration,,,1,,,,,,,,
FR,Société coopérative de consommation à responsabilité limitée et capital variable,,,1,,,,,,,,
FR,Société coopérative de crédit à capital variable et responsabilité statutairemen,,,1,,,,,,,,
FR,Société coopérative de production d'HLM à forme anonyme,,,1,,,,,,,,
FR,Société coopérative de production d'HLM à forme anonyme et capital variable,,,1,,,,,,,,
FR,Société coopérative et participative à responsabilité limitée,,,1,,,,,,,,
FR,Société d'exercice  libéral en commandite par actions,,,1,,,,,,,,
FR,Société d'investissement à capital fixe,,,1,,,,,,,,
FR,Société d'économie mixte locale à forme anonyme,,,1,,,,,,,,
FR,Société de participations d'expertise comptable,,,1,,,,,,,,
FR,Société de participations financières de profession libérale SA à directoire,,,1,,,,,,,,
FR,Société de placement à prépondérance immobilière,,,1,,,,,,,,
FR,Société en commandite par actions d'un Etat non membre de la CE ou non partie à l'accord sur Espace économique européen,,,1,,,,,,,,
FR,Société en commandite simple à capital variable,,,1,,,,,,,,
FR,Société européenne à actionnaire unique,,,1,,,,,,,,
FR,Société à responsabilité limitée coopérative artisanale,,,1,,,,,,,,
FR,Société à responsabilité limitée de presse à associé unique et capital variable,,,1,,,,,,,,
FR,Société à responsabilité limitée de presse à capital variable,,,1,,,,,,,,
FR,Union d'économie sociale - Société coopérative par actions simplifiée à capital variable,,,1,,,,,,,,
FR,Union d'économie sociale - Société coopérative à responsabilité limitée et capit,,,1,,,,,,,,
FR,Union de societes cooperatives maritimes a forme anonyme,,,1,,,,,,,,
GB,Private Limited Company,,,9010822,,,,,,,,
GB,Private limited by guarantee without share capital,,,147307,,,,,,,,
GB,Limited Liability Partnership,,,124357,,,,,,,,
GB,"Private limited by guarantee without share capital, use of 'Limited' exemption",,,58531,,,,,,,,
GB,Limited Partnership,,,47693,,,,,,,,
GB,"PRI/LTD BY GUAR/NSC (Private, limited by guarantee, no share capital)",,,26213,,,,,,,,
GB,Other company type,,,24162,,,,,,,,
GB,Public Limited Company,,,22727,,,,,,,,
GB,overseas company,,,15008,,,,,,,,
GB,"PRI/LBG/NSC (Private, Limited by guarantee, no share capital, use of 'Limited' exemption)",,,12863,,,,,,,,
GB,Industrial and Provident Society,,,10142,,,,,,,,
GB,private unlimited company,,,9700,,,,,,,,
GB,Private Unlimited Company,,,6277,,,,,,,,
GB,Converted/Closed,,,5546,,,,,,,,
GB,Converted / Closed,,,1994,,,,,,,,
GB,Assurance Company,,,927,,,,,,,,
GB,Royal Charter Company,,,855,,,,,,,,
GB,investment company with variable capital,,,568,,,,,,,,
GB,Community Interest Company,,,544,,,,,,,,
GB,Private unlimited company without share capital,,,389,,,,,,,,
GB,European Economic Interest Grouping (EEIG),,,298,,,,,,,,
GB,Old Public Company,,,110,,,,,,,,
GB,European Public Limited-Liability Company (SE),,,105,,,,,,,,
GB,Investment Company with Variable Capital,,,97,,,,,,,,
GB,Private Unlimited,,,48,,,,,,,,
GB,unregistered company,,,46,,,,,,,,
GB,"Private limited company, use of 'Limited' exemption",,,24,,,,,,,,
GB,Northern Ireland Company,,,7,,,,,,,,
GB,Other Company Type,,,5,,,,,,,,
GB,"PRIV LTD SECT. 30 (Private limited company, section 30 of the Companies Act)",,,4,,,,,,,,
GB,Investment Company with Variable Capital(Umbrella),,,1,,,,,,,,
GI,PRIVATE COMPANY LIMITED BY SHARES,,,82186,,,,,,,,
GI,PART X REGISTRATION,,,665,,,,,,,,
GI,UNLIMITED COMPANY HAVING A SHARE CAPITAL,,,401,,,,,,,,
GI,"PRIVATE COMPANY LIMITED BY GUARANTEE, NOT HAVING A SHARE CAPITAL",,,227,,,,,,,,
GI,"PRIVATE COMPANY LIMITED BY GUARANTEE, HAVING A SHARE CAPITAL",,,95,,,,,,,,
GI,PROTECTED CELL COMPANY,,,86,,,,,,,,
GI,PUBLIC COMPANY LIMITED BY SHARES,,,84,,,,,,,,
GI,PROSPECTUS PART XII,,,53,,,,,,,,
GI,PART XIV REGISTRATION (BRANCH),,,15,,,,,,,,
GI,"PRIVATE COMPANY LIMITED BY GUARANTEE, NOT HAVING A SHARE CAPITAL & UNDER SECT 18",,,10,,,,,,,,
GI,"PUBLIC COMPANY LIMITED BY GUARANTEE, HAVING A SHARE CAPITAL",,,2,,,,,,,,
GI,"PUBLIC COMPANY LIMITED BY GUARANTEE, NOT HAVING A SHARE CAPITAL",,,1,,,,,,,,
GL,Enkeltmandsvirksomhed,,,5738,,,,,,,,
GL,Forening/organisation,,,1449,,,,,,,,
GL,Anpartselskab,,,1317,,,,,,,,
GL,Interessentskab,,,567,,,,,,,,
GL,Aktieselskab,,,405,,,,,,,,
GL,Filial af udenlandsk virksomhed,,,258,,,,,,,,
GL,Kommunal enhed,,,82,,,,,,,,
GL,Filial af dansk virksomhed,,,81,,,,,,,,
GL,Selvejende institution,,,60,,,,,,,,
GL,Fond,,,58,,,,,,,,
GL,Andelsselskab/andelsforening,,,56,,,,,,,,
GL,Hjemmestyreenhed,,,50,,,,,,,,
GL,Partsrederi,,,22,,,,,,,,
GL,-,,,14,,,,,,,,
GL,Offentlig virksomhed,,,14,,,,,,,,
GL,Statslig administrativ enhed,,,11,,,,,,,,
GL,Erhversdrivende fond,,,9,,,,,,,,
GL,Selskab med begrænset skattepligt,,,6,,,,,,,,
GL,Kommanditselskab,,,5,,,,,,,,
GL,10 - Enkeltmandsvirksomhed,,,1,,,,,,,,
GL,30 - Interessentskab,,,1,,,,,,,,
GL,520 - Filial af udenlandsk virksomhed,,,1,,,,,,,,
GL,80 - Anpartselskab,,,1,,,,,,,,
GR,ΑΤΟΜΙΚΗ,,Sole Trader,989899,,,,,,,,
GR,Ομόρρυθμη Εταιρεία,,General Partnership Company,181304,,,,,,,,
GR,Εταιρεία Περιορισμένης Ευθύνης,,Limited Liability Company,57525,,,,,,,,
GR,Ανώνυμη Εταιρεία,,Public Limited Company,54864,,,,,,,,
GR,Ετερόρρυθμη Εταιρία,,Limited Partnership Company,53035,,,,,,,,
GR,Ιδιωτική Κεφαλαιουχική Εταιρεία,,Private Company,18301,,,,,,,,
GR,ΛΟΙΠΩΝ ΥΠΟΧΡΕΩΝ,,Other Obligors,3130,,,,,,,,
GR,ΚΟΙΝΩΝΙΑ,,Society,2989,,,,,,,,
GR,Αστική Εταιρεία 784 Α.Κ.,,Civil Society,2054,,,,,,,,
GR,ΣΥΝ.Π.Ε.,,Limited Liability Cooperative Society,990,,,,,,,,
GR,Κοινοπραξία,,Joint Venture,834,,,,,,,,
GR,Συνεταιρισμός,,Partnership,167,,,,,,,,
GR,ΕΝΩΣΗ ΠΡΟΣΩΠΩΝ,,Association,44,,,,,,,,
GR,Ευρωπαϊκός Όμιλος Οικονομικού Σκοπού,,European Economic Interest Grouping,10,,,,,,,,
GR,Ευρωπαϊκή Εταιρία (SE),,European Company (SE),2,,,,,,,,
GR,Ευρωπαϊκή Συνεταιριστική Εταιρία (SCE),,European Cooperative Society (SCE),2,,,,,,,,
IE,Private limited by shares,,,240155,,,,,,,,
IE,LTD - Private Company Limited by Shares,,,201220,,,,,,,,
IE,Private,,,49173,,,,,,,,
IE,Single member private company limited by shares,,,45462,,,,,,,,
IE,CLG - Company Limited by Guarantee,,,15324,,,,,,,,
IE,Unknown,,,15143,,,,,,,,
IE,Private unlimited with share capital,,,7219,,,,,,,,
IE,External company,,,7046,,,,,,,,
IE,Guarantee company without a share capital (public),,,6913,,,,,,,,
IE,ULC - Private Unlimited Company,,,5119,,,,,,,,
IE,DAC - Designated Activity Company (limited by shares),,,3776,,,,,,,,
IE,Private unlimited,,,1926,,,,,,,,
IE,Public limited company with variable capital,,,1696,,,,,,,,
IE,CLG - Company Limited by Guarantee (licenced company),,,1438,,,,,,,,
IE,Public limited company,,,832,,,,,,,,
IE,PLC - Public Limited Company,,,813,,,,,,,,
IE,U.C.I.T,,,469,,,,,,,,
IE,Guarantee,,,458,,,,,,,,
IE,Guarantee licence company w/o sh/capital (public),,,193,,,,,,,,
IE,Public,,,121,,,,,,,,
IE,Private limited by guarantee,,,113,,,,,,,,
IE,ULC - Private Unlimited Company (licenced company),,,109,,,,,,,,
IE,DAC - Designated Activity Company (limited by guarantee),,,84,,,,,,,,
IE,Guarantee licence,,,74,,,,,,,,
IE,Private guarantee with share capital,,,53,,,,,,,,
IE,Public unlimited company with a share capital,,,47,,,,,,,,
IE,Single member company ltd by g/tee with sh/cap,,,46,,,,,,,,
IE,PUC - Public Unlimited Company,,,31,,,,,,,,
IE,DAC - Designated Activity Company Limited by Shares (licenced company),,,26,,,,,,,,
IE,Inward Migrating Company,,,25,,,,,,,,
IE,Private company with variable capital,,,22,,,,,,,,
IE,PULC - Public Unlimited Company without share capital,,,13,,,,,,,,
IE,Public limited company (closed ended),,,9,,,,,,,,
IE,DAC - Designated Activity Company (guarantee licence company),,,8,,,,,,,,
IE,European economic interest grouping,,,8,,,,,,,,
IE,IC - Investment company - Part 24 Companies Act 2014,,,8,,,,,,,,
IE,Societas Europaea - New Incorporation,,,8,,,,,,,,
IE,PUC - Public Unlimited Company (licenced company),,,6,,,,,,,,
IE,"Private, limited by shares, licence to omit ltd",,,3,,,,,,,,
IE,Public unlimited company without share capital,,,3,,,,,,,,
IE,Societas Europaea - Formation of Subsidiary,,,3,,,,,,,,
IE,Societas Europaea - Transfer into State,,,2,,,,,,,,
IE,Foreign Body Corporate making a local offer (B18a),,,1,,,,,,,,
IE,Societas Europaea - PLC conversion,,,1,,,,,,,,
IM,Private Ltd by Shares,,,109002,,,,,,,,
IM,UNKNOWN,,,42111,,,,,,,,
IM,Limited by shares,,,14521,,,,,,,,
IM,"Private Ltd by Guarantee, without Share Capital",,,1480,,,,,,,,
IM,"Private Ltd by Guarantee, with Share Capital",,,1230,,,,,,,,
IM,Private Unlimited,,,442,,,,,,,,
IM,Public Ltd by Shares,,,437,,,,,,,,
IM,Unlimited with shares,,,187,,,,,,,,
IM,Protected Cell Company Limited by shares,,,128,,,,,,,,
IM,Limited by shares and guarantee,,,90,,,,,,,,
IM,Limited by guarantee,,,52,,,,,,,,
IM,Industrial and Provident Society,,,18,,,,,,,,
IM,"Public Ltd by Guarantee, without Share Capital",,,17,,,,,,,,
IM,"Public Ltd by Guarantee, with Share Capital",,,11,,,,,,,,
IM,Building Society,,,8,,,,,,,,
IM,Unlimited without shares,,,2,,,,,,,,
IM,Credit Union,,,1,,,,,,,,
IM,Public Unlimited,,,1,,,,,,,,
IS,Einkahlutafélag,,,56469,,,,,,,,
IS,Einstaklingur í atvinnurekstri,,,44648,,,,,,,,
IS,Félagasamtök,,,15931,,,,,,,,
IS,Húsfélag,,,10793,,,,,,,,
IS,Sameignarfélag almennt,,,6893,,,,,,,,
IS,Einstaklingsfyrirtæki með kennitölu,,,5888,,,,,,,,
IS,"Hlutafélag, almennt",,,5041,,,,,,,,
IS,"Samlagsfélag, almennt",,,2705,,,,,,,,
IS,Stofnun sveitarfélags,,,1406,,,,,,,,
IS,Ríkisstofnun,,,1149,,,,,,,,
IS,Áhugamannafélag,,,1070,,,,,,,,
IS,Opinber aðili,,,747,,,,,,,,
IS,Sjálfseignarstofnun með staðfesta skipulagsskrá,,,541,,,,,,,,
IS,Önnur sameignarfélög,,,471,,,,,,,,
IS,Útibú/deild hlutafélags,,,403,,,,,,,,
IS,"Erlent félag/fyrirtæki, v/bankaviðskipta m/takmarkaða ábyrgð",,,272,,,,,,,,
IS,Einstaklingur í atvinnurekstri með skráð firmaheiti,,,223,,,,,,,,
IS,Samvinnufélag,,,213,,,,,,,,
IS,Veiðifélag,,,177,,,,,,,,
IS,Félagsbú,,,161,,,,,,,,
IS,Útibú erlends félags,,,139,,,,,,,,
IS,Sjálfseignarstofnun sem stundar atvinnurekstur,,,137,,,,,,,,
IS,Félag í frístundabyggð,,,99,,,,,,,,
IS,Lífeyrissjóður,,,97,,,,,,,,
IS,Samlagshlutafélag,,,78,,,,,,,,
IS,Dánarbú einstaklings,,,74,,,,,,,,
IS,Erlent félag með tímabundna starfsemi á Íslandi,,,64,,,,,,,,
IS,Byggðasamlag,,,42,,,,,,,,
IS,Skráð trúfélag / lífsskoðunarfélag,,,42,,,,,,,,
IS,Aðrar sjálfseignarstofnanir - útibú/deild,,,29,,,,,,,,
IS,Útibú sparisjóðs,,,29,,,,,,,,
IS,Stofnun/fyrirtæki í eigu erlends ríkis,,,28,,,,,,,,
IS,Einkahlutafélag (ehf),,,19,,,,,,,,
IS,Sparisjóður,,,19,,,,,,,,
IS,Hlutafélög - opinber,,,17,,,,,,,,
IS,CFC-félag,,,15,,,,,,,,
IS,Útibú ríkisstofnunar/sveitarfélags,,,13,,,,,,,,
IS,Erlent félag í rafrænni þjónustu v/vsk,,,12,,,,,,,,
IS,Fyrirtæki í eigu ríkis og sveitarfélags,,,11,,,,,,,,
IS,Húsnæðissamvinnufélag,,,11,,,,,,,,
IS,Einstaklingsfyrirtæki með kennitölu (skráð fyrir 1. júlí 2003),,,3,,,,,,,,
IS,Einkahlutafélag (ehf) - Alþjóðlegt viðskiptafélag,,,2,,,,,,,,
IS,"Hlutafélag, almennt (hf)",,,2,,,,,,,,
IS,Sameignarfélag opinberir aðilar,,,2,,,,,,,,
IS,Önnur félagasamtök/áhugamannafélög,,,2,,,,,,,,
IS,Sameignarfélag almennt (sf),,,1,,,,,,,,
IS,"Samlagsfélag, almennt (slf)",,,1,,,,,,,,
IT,società di capitale,it,Company with capital,,,,SC,,,,,
IT,società in accomandita per azioni,it,Joint-stock partnership,,,,AA,SC,,,,
IT,società per azioni con socio unico,it,Joint-stock company with a sole shareholder,,,,AU,SC,,,,
IT,consorzio fidi,it,Consortium of collective credit guarantee,,,,CF,SC,,,,
IT,società cooperativa a responsabilita limitata,it,Cooperative with limited liability ,,,,CL,SC,,,,
IT,società consortile,it,Consortium company,,,,CN,SC,,,,
IT,consorzio,it,Consortium ,,,,CO,SC,,,,
IT,istituto di credito,it,Credit institution,,,,IC,SC,,,,
IT,istituto di credito di diritto pubblico,it,Credit institution under public law,,,,ID,SC,,,,
IT,mutua assicurazione,it,Mutual insurance,,,,MA,SC,,,,
IT,società cooperativa consortile,it,Consortium of cooperative companies,,,,OC,SC,,,,
IT,cooperativa sociale,it,Social cooperative,,,,OO,SC,,,,
IT,società consortile cooperativa a responsabilità limitata,it,Consortium of cooperative companies with limited liability,,,,OS,SC,,,,
IT,piccola società cooperativa a responsabilità limitata,it,Small cooperative with limited liability,,,,PS,SC,,,,
IT,società cooperativa,it,Cooperative,,,,SC,SC,,,,
IT,società europea,it,European Society,,,,SD,SC,,,,
IT,società cooperativa europea,it,European Cooperative Society,,,,SG,SC,,,,
IT,società consortile a responsabilità limitata,it,Consortium company with limited liability,,,,SL,SC,,,,
IT,società consortile per azioni,it,Joint-stock consortium company ,,,,SO,SC,,,,
IT,società per azioni,it,Joint-stock company,,,,SP,SC,,,,
IT,società a responsabilità limitata,it,Company with limited liability,,,,SR,SC,,,,
IT,società a responsabilità limitata con unico socio,it,Company with limited liability with a sole shareholder,,,,SU,SC,,,,
IT,azienda speciale di ente locale,it,Local specialy company,,,,AL,SC,,,,
IT,azienda municipale,it,Municipal company,,,,AM,SC,,,,
IT,azienda provinciale,it,Provincial company,,,,AP,SC,,,,
IT,azienda regionale,it,Regional company,,,,AR,SC,,,,
IT,azienda autonoma statale,it,State-owned company,,,,AT,SC,,,,
IT,consorzio con attività esterna,it,Consortium with external activities,,,,CC,SC,,,,
IT,consorzio municipale,it,Municipal consortium,,,,CM,SC,,,,
IT,consorzio intercomunale,it,Inter-municipal consortium,,,,CR,SC,,,,
IT,consorzio di cui al dlgs 267/2000,it,Consortium governed by the Legislative Decree 267/200,,,,CZ,SC,,,,
IT,ente pubblico commerciale,it,Public commercial company,,,,EC,SC,,,,
IT,ente diritto pubblico,it,Company governed by public law,,,,ED,SC,,,,
IT,ente impresa,it,Company,,,,EI,SC,,,,
IT,ente pubblico economico,it,Public economic company,,,,EP,SC,,,,
IT,"ente di cui alla l.r. 21-12-93, n.88",it,"Legal entity governed by the Regional Law 21 December 1993, no. 88",,,,ES,SC,,,,
IT,fondazione impresa,it,Stiftung,,,,FI,SC,,,,
IT,gruppo europeo di interesse economico,it,European economic interest grouping,,,,GE,SC,,,,
IT,azienda speciale di cui al dlgs 267/2000,it,Special company governed by the Legislative Decree 267/200,,,,LL,SC,,,,
IT,società di mutuo soccorso,it,Mortgage company,,,,SM,SC,,,,
IT,società costituita in base a leggi di altro stato,it,Company formed under other state laws,,,,SS,SC,,,,
IT,società non prevista dalla legislazione italiana,it,Company not defined by the Italian law,,,,SZ,SC,,,,
IT,società a responsabilità limitata a capitale ridotto,it,Limited liability company with reduced capital,,,,RR,SC,,,,
IT,società a responsabilità limitata semplificata,it,Simplified limited liability company,,,,RS,SC,,,,
IT,contratto di rete dotato di soggettività giuridica,it,Networked contract of legal subjectivity,,,,RC,SC,,,,
JE,Registered Private Company,en,,121161,,,RC,,,,,
JE,Limited Partnership,en,,2481,,,LP,,,,,
JE,Registered Public Company,en,,1716,,,RCP,,,,,
JE,Overseas Registered Company,en,,1085,,,ORC,,,,,
JE,Incorporated Cell Private,en,,519,,,IC,,,,,
JE,Protected Cell Private,en,,437,,,PC,,,,,
JE,Foundation,en,,342,,,FD,,,,,
JE,Protected Cell Public,en,,306,,,PCP,,,,,
JE,Unregulated Fund,en,,226,,,UFO,,,,,
JE,Incorported Cell Public,en,,103,,,ICP,,,,,
JE,Protected Cell Company Private,en,,95,,,PCC,,,,,
JE,Separate Limited Partnership,en,,95,,,SLP,,,,,
JE,Incorporated Cell Company,en,,94,,,ICC,,,,,
JE,Limited Liability Partnership,en,,50,,,LLP,,,,,
JE,Protected Cell Company Public,en,,48,,,PCCP,,,,,
JE,Incorporated Limited Partnership,en,,20,,,ILP,,,,,
JE,Incorporated Cell Company Public,en,,14,,,ICCP,,,,,
JE,Registered Private Company,en,,1,,,RC,,,,,
JE,RCD,en,,1,,,RCD,,,,,
LI,,,,91161,,,,,,,,
LI,AG,,,32474,,,,,,,,
LI,Stiftung,,,7919,,,,,,,,
LI,Einzelfirma,,,1100,,,,,,,,
LI,GmbH,,,456,,,,,,,,
LI,Verein,,,407,,,,,,,,
LI,Treuunternehmen,,,187,,,,,,,,
LI,Kommanditgesellschaft,,,103,,,,,,,,
LI,Genossenschaft,,,43,,,,,,,,
LI,Aktiengesellschaft,,,42,,,,,,,,
LI,Foundation,,,38,,,,,,,,
LI,Trust,,,8,,,,,,,,
LI,Association,,,5,,,,,,,,
LI,Anstalt,,,4,,,,,,,,
LI,Kollektivgesellschaft,,,2,,,,,,,,
LI,Ltd,,,2,,,,,,,,
LI,Sole proprietorship,,,2,,,,,,,,
LI,Besondere Rechtsform (alter Bestand gem. Art. 633 PGR aufgehoben),,,1,,,,,,,,
LU,Société à responsabilité limitée,,,98143,,,,,,,,
LU,Société anonyme,,,93281,,,,,,,,
LU,Association sans but lucratif,,,11256,,,,,,,,
LU,Société civile,,,6087,,,,,,,,
LU,Société d'investissement à capital variable,,,3036,,,,,,,,
LU,Société en commandite simple,,,1947,,,,,,,,
LU,Société en commandite spéciale,,,1688,,,,,,,,
LU,Société en commandite par actions,,,1658,,,,,,,,
LU,Société en nom collectif,,,816,,,,,,,,
LU,Société anonyme  Société d'investissement à capital variable - Fonds d'investissement spécialisé,,,740,,,,,,,,
LU,,,,723,,,,,,,,
LU,Société en commandite par actions  Société d'investissement à capital variable - Fonds d'investissement spécialisé,,,448,,,,,,,,
LU,Société anonyme  Société de gestion de patrimoine familial,,,409,,,,,,,,
LU,Société à responsabilité limitée simplifiée,,,347,,,,,,,,
LU,Société coopérative,,,249,,,,,,,,
LU,Fondation,,,236,,,,,,,,
LU,Société à responsabilité limitée  Société de gestion de patrimoine familial,,,188,,,,,,,,
LU,Société en commandite par actions  Société d'investissement en capital à risque,,,141,,,,,,,,
LU,Groupement d'intérêt économique,,,118,,,,,,,,
LU,Société en commandite simple  Société d'investissement à capital variable - Fonds d'investissement spécialisé,,,107,,,,,,,,
LU,Groupement européen d'intérêt économique,,,95,,,,,,,,
LU,Association sans but lucratif  reconnue d'utilité publique,,,86,,,,,,,,
LU,Société Anonyme,,,86,,,,,,,,
LU,Société coopérative organisée comme une SA,,,74,,,,,,,,
LU,Gesellschaft mit beschränkter Haftung,,,64,,,,,,,,
LU,Etablissement public,,,60,,,,,,,,
LU,société anonyme,,,60,,,,,,,,
LU,société à responsabilité limitée,,,59,,,,,,,,
LU,Société européenne,,,54,,,,,,,,
LU,GmbH,,,46,,,,,,,,
LU,Société par actions simplifiée,,,44,,,,,,,,
LU,Limited,,,39,,,,,,,,
LU,Aktiengesellschaft,,,32,,,,,,,,
LU,Société anonyme  Société d'investissement en capital à risque,,,28,,,,,,,,
LU,Société en commandite spéciale  Société d'investissement à capital variable - Fonds d'investissement spécialisé,,,28,,,,,,,,
LU,SARL,,,27,,,,,,,,
LU,Société privée à responsabilité limitée,,,26,,,,,,,,
LU,Private Limited Company,,,19,,,,,,,,
LU,Limited Liability Company,,,18,,,,,,,,
LU,Korlátolt Felelösségü Társaság (soc. à resp. lim.),,,17,,,,,,,,
LU,Private limited company,,,17,,,,,,,,
LU,Association épargne-pension,,,16,,,,,,,,
LU,Société anonyme de droit belge,,,16,,,,,,,,
LU,Société en commandite par actions  Société de gestion de patrimoine familial,,,16,,,,,,,,
LU,SPRL,,,15,,,,,,,,
LU,S.à r.l.,,,14,,,,,,,,
LU,LTD,,,13,,,,,,,,
LU,Société à Responsabilité Limitée,,,13,,,,,,,,
LU,Société à responsabilité limitée  Société d'investissement à capital variable - Fonds d'investissement spécialisé,,,13,,,,,,,,
LU,Corporation,,,11,,,,,,,,
LU,SOCIETE ANONYME,,,11,,,,,,,,
LU,Limited company,,,10,,,,,,,,
LU,SA,,,10,,,,,,,,
LU,Association d'Assurance Mutuelle,,,9,,,,,,,,
LU,Limited Company,,,9,,,,,,,,
LU,Société en commandite simple  Société d'investissement en capital à risque,,,9,,,,,,,,
LU,Société par actions,,,9,,,,,,,,
LU,Société à responsabilité limitée  Société d'investissement en capital à risque,,,9,,,,,,,,
LU,Sàrl,,,9,,,,,,,,
LU,GMBH,,,8,,,,,,,,
LU,S.A.,,,8,,,,,,,,
LU,société anonyme de droit belge,,,8,,,,,,,,
LU,société privée à responsabilité limitée,,,8,,,,,,,,
LU,Société anonyme de droit français,,,7,,,,,,,,
LU,société par actions simplifiée,,,7,,,,,,,,
LU,GmbH & Co. KG,,,6,,,,,,,,
LU,Kommanditgesellschaft,,,6,,,,,,,,
LU,LIMITED,,,6,,,,,,,,
LU,Private Company Limited by Shares,,,6,,,,,,,,
LU,Société Anonyme à Responsabilité Limitée par Actions,,,6,,,,,,,,
LU,Société Privée à Responsabilité Limitée,,,6,,,,,,,,
LU,Société coopérative organisée comme une SA  Société épargne-pension à capital variable,,,6,,,,,,,,
LU,Société de personnes à responsabilité limitée,,,6,,,,,,,,
LU,société par actions,,,6,,,,,,,,
LU,Limited Liability Partnership,,,5,,,,,,,,
LU,PRIVATE LIMITED COMPANY,,,5,,,,,,,,
LU,private limited company,,,5,,,,,,,,
LU,AG,,,4,,,,,,,,
LU,Association agricole,,,4,,,,,,,,
LU,B.V.,,,4,,,,,,,,
LU,Gesellschaft mit beschränkter Haftung (GmbH),,,4,,,,,,,,
LU,LIMITED COMPANY,,,4,,,,,,,,
LU,LLC,,,4,,,,,,,,
LU,limited company,,,4,,,,,,,,
LU,private company limited by shares,,,4,,,,,,,,
LU,société en commandite simple,,,4,,,,,,,,
LU,(Kft.) équivalent à S.àr.l. de droit luxembourgeois,,,3,,,,,,,,
LU,A.G.,,,3,,,,,,,,
LU,Company limited by shares,,,3,,,,,,,,
LU,Gesellschaft mit Beschränkter Haftung,,,3,,,,,,,,
LU,Gesellschaft mit beschränker Haftung,,,3,,,,,,,,
LU,GmbH nach deutschem Recht,,,3,,,,,,,,
LU,Groupement Européen d'Intérêt Economique,,,3,,,,,,,,
LU,INC,,,3,,,,,,,,
LU,Limited Partnership,,,3,,,,,,,,
LU,Limited company (société à responsabilité limitée),,,3,,,,,,,,
LU,Ltd,,,3,,,,,,,,
LU,Privat Gesellschaft mit begrenzter Haftung,,,3,,,,,,,,
LU,Private company limited by shares,,,3,,,,,,,,
LU,S.P.R.L.,,,3,,,,,,,,
LU,S.à.r.l.,,,3,,,,,,,,
LU,SAS,,,3,,,,,,,,
LU,Société coopérative organisée comme une SA  Société de gestion de patrimoine familial,,,3,,,,,,,,
LU,Société coopérative à responsabilité limitée,,,3,,,,,,,,
LU,Société à responsabilité limité,,,3,,,,,,,,
LU,Société à responsabilité limitée de droit anglais,,,3,,,,,,,,
LU,Spólka z ograniczona odpowiedzialnoscia,,,3,,,,,,,,
LU,UK Limited,,,3,,,,,,,,
LU,besloten vennootschap,,,3,,,,,,,,
LU,corporation,,,3,,,,,,,,
LU,public limited company,,,3,,,,,,,,
LU,société à responsabilité limitée de droit polonais,,,3,,,,,,,,
LU,Aktiebolag,,,2,,,,,,,,
LU,Corporation (société anonyme),,,2,,,,,,,,
LU,Gesellschaft mit beschränkter Haftung & Co KG,,,2,,,,,,,,
LU,International Business Company,,,2,,,,,,,,
LU,Joint Stock Limited Company,,,2,,,,,,,,
LU,Kommanditgesellschaft auf Aktien,,,2,,,,,,,,
LU,Kommanditgesellschaft deutschen Rechts,,,2,,,,,,,,
LU,Korlàtolt Felelösségü Tàrsasàg,,,2,,,,,,,,
LU,LDA,,,2,,,,,,,,
LU,Limited Liability,,,2,,,,,,,,
LU,Limited liability partnership,,,2,,,,,,,,
LU,Private Company Limited by shares,,,2,,,,,,,,
LU,Privatgesellschaft mit beschränkter Haftung,,,2,,,,,,,,
LU,Public limited company,,,2,,,,,,,,
LU,S.A.R.L.,,,2,,,,,,,,
LU,S.p.r.l,,,2,,,,,,,,
LU,SOCIETE PAR ACTIONS SIMPLIFIEE,,,2,,,,,,,,
LU,Société Anonyme de droit belge,,,2,,,,,,,,
LU,Société Coopérative,,,2,,,,,,,,
LU,Société Privée à Responsabilité Limitée - S.P.R.L.,,,2,,,,,,,,
LU,Société anonyme de droit panaméen,,,2,,,,,,,,
LU,Société en commandite spéciale  Société d'investissement en capital à risque,,,2,,,,,,,,
LU,Société par Actions Simplifiée,,,2,,,,,,,,
LU,Société privée à responsabilité limitée de droit belge,,,2,,,,,,,,
LU,Société à responsabilité Limitée,,,2,,,,,,,,
LU,Société à responsabilité limitée de droit français,,,2,,,,,,,,
LU,Société à responsabilité limitée par actions,,,2,,,,,,,,
LU,Société à responsabilité limitée par sûreté et sans capital social,,,2,,,,,,,,
LU,Société à responsabilité par actions,,,2,,,,,,,,
LU,Unlimited Liability Company,,,2,,,,,,,,
LU,company limited by shares,,,2,,,,,,,,
LU,corporation with limited liability,,,2,,,,,,,,
LU,incorporation,,,2,,,,,,,,
LU,joint stock limited company,,,2,,,,,,,,
LU,limited Company,,,2,,,,,,,,
LU,limited liability partnership,,,2,,,,,,,,
LU,sarl,,,2,,,,,,,,
LU,société civile sous forme d'une société coopérative à responsabilité limitée,,,2,,,,,,,,
LU,société coopérative à responsabilité limitée,,,2,,,,,,,,
LU,société en commandite par actions,,,2,,,,,,,,
LU,société par actions simplifiées unipersonnelles,,,2,,,,,,,,
LU,société à responsabilité limitée de droit anglais,,,2,,,,,,,,
LU,société à responsabilité limitée de droit britannique,,,2,,,,,,,,
LU,sprl,,,2,,,,,,,,
LU,Corporation (Société par actions),,,1,,,,,,,,
LU,Incorporation équivalente à une société anonyme de droit luxembourgeois,,,1,,,,,,,,
LU,corporation (société anonyme),,,1,,,,,,,,
LU,(Kft.) équivalent à s.à r.l. de droit luxembourgeois,,,1,,,,,,,,
LU,(Kft.)équivalent à S.àr.l. de droit luxembourgeois,,,1,,,,,,,,
LU,A Delaware Limited liability company,,,1,,,,,,,,
LU,AG (SA),,,1,,,,,,,,
LU,AS,,,1,,,,,,,,
LU,Aktiebolag (société anonyme),,,1,,,,,,,,
LU,Aktiengesellschaft (AG),,,1,,,,,,,,
LU,Aktiengesellschaft belgischen Rechts,,,1,,,,,,,,
LU,Aktiengesellschaft deutschen Rechts,,,1,,,,,,,,
LU,Aktiengesellschaft nach deutschem Recht,,,1,,,,,,,,
LU,Aktiengesellschaft schweizerischen Rechtes,,,1,,,,,,,,
LU,Anpartsselskab (ApS),,,1,,,,,,,,
LU,B.V.B.A,,,1,,,,,,,,
LU,B.V.B.A. S.P.R.L.,,,1,,,,,,,,
LU,BV,,,1,,,,,,,,
LU,BVBA,,,1,,,,,,,,
LU,Besloten Vennootschap,,,1,,,,,,,,
LU,Besloten Vennootschap (B.V.),,,1,,,,,,,,
LU,Besloten Vennotschap met beperkte aansprakelijkhe,,,1,,,,,,,,
LU,Besloten Vernnootschap / Societe Anonyme,,,1,,,,,,,,
LU,Beteiligungsgesellschaft,,,1,,,,,,,,
LU,COMPANY LIMITED BY SHARES,,,1,,,,,,,,
LU,Canadian Federal Company,,,1,,,,,,,,
LU,Closed Joint Stock Company,,,1,,,,,,,,
LU,Company limited by Shares,,,1,,,,,,,,
LU,Company limited by shares (société par actions),,,1,,,,,,,,
LU,Company limited by shares équivalente à une société anonyme de droit luxembourgeois,,,1,,,,,,,,
LU,Corporation nach dem Recht des Staates Ontario/Kanada,,,1,,,,,,,,
LU,Domestic corporation (Etats-Unis),,,1,,,,,,,,
LU,Druzba z omejeno odgovornostjo d.o.o,,,1,,,,,,,,
LU,EURL,,,1,,,,,,,,
LU,EWIV,,,1,,,,,,,,
LU,Entreprise unipersonnelle à responsabilité limitée (EURL),,,1,,,,,,,,
LU,Etablissement public autonome créé selon la loi du 24 mars 1989,,,1,,,,,,,,
LU,Europaïsche Aktiengesellschaft,,,1,,,,,,,,
LU,Exempted company incorporated with limited liability,,,1,,,,,,,,
LU,Fondation d'intérêt privé,,,1,,,,,,,,
LU,G.m.b.h.,,,1,,,,,,,,
LU,GMBH & CO. KG,,,1,,,,,,,,
LU,GdbR,,,1,,,,,,,,
LU,Genossenschaft,,,1,,,,,,,,
LU,Genossenschaft estnischen Rechts,,,1,,,,,,,,
LU,Gesellschaft mir beschränkter Haftung,,,1,,,,,,,,
LU,Gesellschaft mit  beschränkter Haftung,,,1,,,,,,,,
LU,Gesellschaft mit beschrankter Haftung nach deutschem Recht,,,1,,,,,,,,
LU,Gesellschaft mit beschränkter Haftung & Compagnie Kommanditgesellschaft,,,1,,,,,,,,
LU,Gesellschaft mit beschränkter Haftung / Besloten Vennootschap,,,1,,,,,,,,
LU,Gesellschaft mit beschränkter Haftung der Schweiz,,,1,,,,,,,,
LU,Gesellschaft mit beschränkter Haftung deutschen Rechts,,,1,,,,,,,,
LU,Gesellschaft mit beschränkter Haftung englischen Rechts,,,1,,,,,,,,
LU,Gesellschaft mit beschränkter Haftung niederländischen Rechts,,,1,,,,,,,,
LU,Gesellschaft mit beschränkter Haftung polnischen Rechts,,,1,,,,,,,,
LU,Gesellschaft mit beschänkter Haftung,,,1,,,,,,,,
LU,GmbH & Co KG,,,1,,,,,,,,
LU,GmbH (Gesellschaft mit beschränkter Haftung),,,1,,,,,,,,
LU,GmbH (SARL),,,1,,,,,,,,
LU,GmbH - Gesellschaft mit begrenzter Haftung,,,1,,,,,,,,
LU,Gmbh,,,1,,,,,,,,
LU,Handelsgesellschaft mbH,,,1,,,,,,,,
LU,Inc,,,1,,,,,,,,
LU,Inc de droit Américain,,,1,,,,,,,,
LU,Inc.,,,1,,,,,,,,
LU,Incorporation,,,1,,,,,,,,
LU,K.G. (KOMMANDIT GESELLSCHAFT),,,1,,,,,,,,
LU,KFT,,,1,,,,,,,,
LU,KOMMANDITGESELLSCHAFT,,,1,,,,,,,,
LU,Kapitalgesellschaft (Gesellschaft mit beschränkter Haftung),,,1,,,,,,,,
LU,Kft. (équivalent à la S.àr.l. luxembourgeoise),,,1,,,,,,,,
LU,Kommandit-gesellschaft,,,1,,,,,,,,
LU,Kommanditgesellschaft (KG),,,1,,,,,,,,
LU,Korlátolt Felelösségü Társaság (s.à r.l.),,,1,,,,,,,,
LU,Korlátolt Felelösségü Társaság (sàrl),,,1,,,,,,,,
LU,Korlátolt Felelösségü Társaság Société à responsabilité limitée,,,1,,,,,,,,
LU,L.L.C. (Limited Liability Compagny),,,1,,,,,,,,
LU,LDA (Sociedade por Quotas) rapprochement de la Sarl,,,1,,,,,,,,
LU,"LDA,",,,1,,,,,,,,
LU,LIMITED (Société à responsabilité limitée),,,1,,,,,,,,
LU,"LIMITED COMPANY ""SOCIETE A RESPONSABILITE LIMITEE""",,,1,,,,,,,,
LU,LLP,,,1,,,,,,,,
LU,LTD (Limited),,,1,,,,,,,,
LU,Limitada,,,1,,,,,,,,
LU,Limited (Gesellschaft mit beschränkter Haftung),,,1,,,,,,,,
LU,Limited (Private Limited Company),,,1,,,,,,,,
LU,Limited (société de droit anglais),,,1,,,,,,,,
LU,Limited Company (Société à responsabilité limitée),,,1,,,,,,,,
LU,Limited Company / KFT,,,1,,,,,,,,
LU,Limited Company / societe a responsabilite limite,,,1,,,,,,,,
LU,Limited Company de droit anglais,,,1,,,,,,,,
LU,Limited Liability Company It. Amerikanischen Recht,,,1,,,,,,,,
LU,Limited Private Company,,,1,,,,,,,,
LU,Limited company (équivalente à la S.à r.l.),,,1,,,,,,,,
LU,Limited liability Company by Royal Charter,,,1,,,,,,,,
LU,Limited liability company,,,1,,,,,,,,
LU,Limited liability company / S.à r.l.,,,1,,,,,,,,
LU,Ltd.,,,1,,,,,,,,
LU,Ltd. Company Limited by Shares,,,1,,,,,,,,
LU,N.S. Unlimited Liability,,,1,,,,,,,,
LU,N.V.,,,1,,,,,,,,
LU,Naamloze vennootschap,,,1,,,,,,,,
LU,Naamloze vennootschap (société anonyme),,,1,,,,,,,,
LU,Nammloze Venootschap (Société anonyme de droit NL),,,1,,,,,,,,
LU,PGMBH,,,1,,,,,,,,
LU,Partnership,,,1,,,,,,,,
LU,Private Gesellschaft limitiert durch Aktien,,,1,,,,,,,,
LU,Private Limited,,,1,,,,,,,,
LU,Private Limited Company (GB Companies Act 1985),,,1,,,,,,,,
LU,Private Limited Liability Company,,,1,,,,,,,,
LU,Private Limited company,,,1,,,,,,,,
LU,Private company limited by shares (LTD),,,1,,,,,,,,
LU,Private company with limited liability,,,1,,,,,,,,
LU,"Private company, limited by shares",,,1,,,,,,,,
LU,Private limite société,,,1,,,,,,,,
LU,Private limited Company,,,1,,,,,,,,
LU,"Private limited company, équivalente à une société à responsabilité limitée de droit luxembourgeois",,,1,,,,,,,,
LU,Private limited liability company,,,1,,,,,,,,
LU,Privatgesellschaft mit begrenzter Haftung,,,1,,,,,,,,
LU,Privatrechtliche Gesellschaft,,,1,,,,,,,,
LU,Public Limited Company,,,1,,,,,,,,
LU,Publicly Traded Company,,,1,,,,,,,,
LU,Rechtsfähige Anstalt des öffentlichen Rechts,,,1,,,,,,,,
LU,S à r l,,,1,,,,,,,,
LU,S.A. (Société Anonyme),,,1,,,,,,,,
LU,S.A.R.L,,,1,,,,,,,,
LU,S.A.R.L. UNIPERSONNELLE,,,1,,,,,,,,
LU,S.A.S.,,,1,,,,,,,,
LU,S.A.S. (Société par actions simplifiée),,,1,,,,,,,,
LU,S.L.,,,1,,,,,,,,
LU,S.à r.l. - Besloten Vennootschap,,,1,,,,,,,,
LU,S.à r.l. unipersonnelle de droit irlandais,,,1,,,,,,,,
LU,S.àr.l.,,,1,,,,,,,,
LU,SA (à directoire et conseil de surveillance),,,1,,,,,,,,
LU,SA / NV,,,1,,,,,,,,
LU,SA SOPARFI,,,1,,,,,,,,
LU,"SC SCRL, Société civile sous forme de société coopérative à responsabilité limitée",,,1,,,,,,,,
LU,SELARL (Société d'exercice libéral à responsabilité limitée),,,1,,,,,,,,
LU,SLF (Samlagsfélag),,,1,,,,,,,,
LU,SOCIETE A RESPONSABILITE LIMITEE,,,1,,,,,,,,
LU,SOCIETE ANONYME PAR ACTIONS,,,1,,,,,,,,
LU,SOCIETE COMMERCIALE AVEC RESPONSABILITE LIMITEE,,,1,,,,,,,,
LU,SOCIETE D'ACTIONS,,,1,,,,,,,,
LU,SOCIETE PAR ACTIONS,,,1,,,,,,,,
LU,SOCIETE PAR ACTIONS SIMPLIFIEES,,,1,,,,,,,,
LU,SOCIETE PRIVEE A RESPONSABILITE LIMITEE,,,1,,,,,,,,
LU,SOCIETE PRIVEE A RESPONSABILITE LIMITEE PAR ACTIONS,,,1,,,,,,,,
LU,SOCIÉTÉ A RESPONSABILITE LIMITÉE A ASSOCIÉ UNIQUE,,,1,,,,,,,,
LU,SOCIÉTÉ À RESPONSABILITÉ LIMITÉE,,,1,,,,,,,,
LU,SPRL - Société Privée à Responsabilité Limitée,,,1,,,,,,,,
LU,SPRL de droit belge,,,1,,,,,,,,
LU,SPRL: Société Privée à responsabilité Limitée,,,1,,,,,,,,
LU,SPRLU-Société responsabilité limitée unipersonnell,,,1,,,,,,,,
LU,SPÓLKA Z OGRANICZONA ODPOWIEDZIALNOSCIA,,,1,,,,,,,,
LU,SRL  ( S.à R.L.),,,1,,,,,,,,
LU,Samostojni Podjetnik,,,1,,,,,,,,
LU,Sarl,,,1,,,,,,,,
LU,Sociedade anónima,,,1,,,,,,,,
LU,Sociedade anónima de responsabilidade limitada,,,1,,,,,,,,
LU,Societa ' Per Azioni (SPA),,,1,,,,,,,,
LU,Societa per Azioni,,,1,,,,,,,,
LU,Societas Europaea,,,1,,,,,,,,
LU,Società consortile per azioni,,,1,,,,,,,,
LU,Società per azioni,,,1,,,,,,,,
LU,Sociéta per azioni,,,1,,,,,,,,
LU,Société Anonyme (SA),,,1,,,,,,,,
LU,Société Anonyme de droit Belge,,,1,,,,,,,,
LU,Société Anonyme de droit français,,,1,,,,,,,,
LU,Société Anonyme de droit étranger,,,1,,,,,,,,
LU,Société Anonyme de la République de Panama,,,1,,,,,,,,
LU,Société Anonyme.,,,1,,,,,,,,
LU,Société Anoyme (closed-type Joint Stock Company),,,1,,,,,,,,
LU,Société Civile empruntant la forme d'une SPRL,,,1,,,,,,,,
LU,Société Coopérative à responsabilité limitée,,,1,,,,,,,,
LU,Société Européenne,,,1,,,,,,,,
LU,Société Limitée Unipersonnelle,,,1,,,,,,,,
LU,Société Mutuelle,,,1,,,,,,,,
LU,Société Personnelle à Responsabilité Limitée,,,1,,,,,,,,
LU,Société Privée à Responsabilité Limitée - Sprl,,,1,,,,,,,,
LU,Société Privée à responsabilité limitée,,,1,,,,,,,,
LU,Société a responsabilité limitée unipersonnelle,,,1,,,,,,,,
LU,Société annnyme,,,1,,,,,,,,
LU,"Société anonyme (""company limited by shares"")",,,1,,,,,,,,
LU,Société anonyme (Naamenloze Venootschap),,,1,,,,,,,,
LU,Société anonyme (Sociedade Anónima),,,1,,,,,,,,
LU,Société anonyme de droit Belge,,,1,,,,,,,,
LU,Société anonyme de droit Suisse,,,1,,,,,,,,
LU,Société anonyme de droit américain,,,1,,,,,,,,
LU,Société anonyme de droit anglais,,,1,,,,,,,,
LU,Société anonyme de droit belge.,,,1,,,,,,,,
LU,Société anonyme de droit de la République turque,,,1,,,,,,,,
LU,Société anonyme de droit espagnol,,,1,,,,,,,,
LU,Société anonyme de droit neérlandais,,,1,,,,,,,,
LU,Société anonyme de droit qatari,,,1,,,,,,,,
LU,Société anonyme de droit suisse,,,1,,,,,,,,
LU,Société anonyme de droit suédois,,,1,,,,,,,,
LU,Société anonyme du droit anglais,,,1,,,,,,,,
LU,Société anonyme française,,,1,,,,,,,,
LU,Société anonyme simplifiée,,,1,,,,,,,,
LU,Société anonyme à responsabilité limitée,,,1,,,,,,,,
LU,Société au nom collectif,,,1,,,,,,,,
LU,Société civile à forme d'une société privée à responsabilité limitée,,,1,,,,,,,,
LU,Société civile à responsabilité limitée par Actions,,,1,,,,,,,,
LU,Société coopérative de crédit à responsabilité limitée,,,1,,,,,,,,
LU,Société coopérative organisée comme une SA  Société d'investissement à capital variable - Fonds d'investissement spécialisé,,,1,,,,,,,,
LU,Société créée selon la loi du 28 mars 1997,,,1,,,,,,,,
LU,Société d'assurance mutuelle à cotisations fixes,,,1,,,,,,,,
LU,Société de droit belge,,,1,,,,,,,,
LU,Société de droit de la Principauté de Liechtenstein,,,1,,,,,,,,
LU,Société de droit suédois,,,1,,,,,,,,
LU,Société de personnes à responsabilité limitée de droit belge.,,,1,,,,,,,,
LU,Société de responsabilité limitée,,,1,,,,,,,,
LU,Société en Nom Collectif,,,1,,,,,,,,
LU,Société en commandite,,,1,,,,,,,,
LU,Société en commandite simple par actions/Droit GB,,,1,,,,,,,,
LU,Société en commandité par actions,,,1,,,,,,,,
LU,Société européenne d'investissement à capital variable (SICAV-SE)  Société d'investissement à capital variable - Fonds d'investissement spécialisé,,,1,,,,,,,,
LU,Société par action de droit israélien,,,1,,,,,,,,
LU,Société par actions (Società per Azioni) de droit italien,,,1,,,,,,,,
LU,Société par actions ou compagnie,,,1,,,,,,,,
LU,Société par actions simplifiée (SAS),,,1,,,,,,,,
LU,Société par actions simplifiée unipersonnelle,,,1,,,,,,,,
LU,Société par actions simplifée,,,1,,,,,,,,
LU,Société privée a responsabilité limitée,,,1,,,,,,,,
LU,Société privée à responsabilité limité,,,1,,,,,,,,
LU,Société privée à responsabilité limitée (SPRL),,,1,,,,,,,,
LU,Société privée à responsabilité limitée (SPRL/BVBA),,,1,,,,,,,,
LU,Société privée à responsabilité limitée (besloten vennootschap met beperkte aansprakelijkheid),,,1,,,,,,,,
LU,Société privée à responsabilité limitée selon le droit belge,,,1,,,,,,,,
LU,Société responsabilité limité non membre de CEE,,,1,,,,,,,,
LU,Société à Responsabilité Limité (Private Limited Company),,,1,,,,,,,,
LU,Société à Responsabilité Limitée (LLC),,,1,,,,,,,,
LU,Société à Responsabilité Limitée (Sàrl),,,1,,,,,,,,
LU,Société à Responsabilité limitée,,,1,,,,,,,,
LU,Société à Responsabilité limitée de droit étranger,,,1,,,,,,,,
LU,Société à Responsabilitée Limitée,,,1,,,,,,,,
LU,Société à Résponsabilité Limitée,,,1,,,,,,,,
LU,Société à capital actions à but lucratif,,,1,,,,,,,,
LU,Société à reponsabilité limitée,,,1,,,,,,,,
LU,Société à responsabilité illimitée,,,1,,,,,,,,
LU,Société à responsabilité limitée (Limited Company),,,1,,,,,,,,
LU,Société à responsabilité limitée (Limited Liability Company),,,1,,,,,,,,
LU,Société à responsabilité limitée (Sarl),,,1,,,,,,,,
LU,Société à responsabilité limitée de droit Suédois,,,1,,,,,,,,
LU,Société à responsabilité limitée de droit anglais.,,,1,,,,,,,,
LU,Société à responsabilité limitée de droit autrichien,,,1,,,,,,,,
LU,Société à responsabilité limitée de droit néerlandais.,,,1,,,,,,,,
LU,Société à responsabilité limitée de droit étranger,,,1,,,,,,,,
LU,Société à responsabilité limitée de droits portugais,,,1,,,,,,,,
LU,Société à responsabilité limitée unipersonnelle,,,1,,,,,,,,
LU,Spolka z ograniczona odpowiedzialnoscia (S.à r.l.),,,1,,,,,,,,
LU,Sprl,,,1,,,,,,,,
LU,Stiftung & Co. KG,,,1,,,,,,,,
LU,Tietoliikenne Oy,,,1,,,,,,,,
LU,UNIPESSOAL LDA,,,1,,,,,,,,
LU,Uk Limited,,,1,,,,,,,,
LU,Unternehmergesellschaft (haftungsbeschränkt) deutschen Rechts,,,1,,,,,,,,
LU,Z o.o.,,,1,,,,,,,,
LU,besloten vennootschap (société à responsabilité limitée selon le droit néerlandais),,,1,,,,,,,,
LU,besloten vennootschap met beperkte aansprakelijkheit,,,1,,,,,,,,
LU,company limited,,,1,,,,,,,,
LU,company limited by shares équivalente à une société anonyme de droit luxembourgeois,,,1,,,,,,,,
LU,inc,,,1,,,,,,,,
LU,j.d.o.o.,,,1,,,,,,,,
LU,kft. (équivalent à la S.à r.l. luxembourgeoise),,,1,,,,,,,,
LU,limited,,,1,,,,,,,,
LU,limited liability company,,,1,,,,,,,,
LU,limited liability corporation,,,1,,,,,,,,
LU,naamloze vennootschap,,,1,,,,,,,,
LU,naamloze vennootschap (NV),,,1,,,,,,,,
LU,offene Handelsgesellschaft,,,1,,,,,,,,
LU,private company with limited liability,,,1,,,,,,,,
LU,private corporation,,,1,,,,,,,,
LU,private corporation (personne morale de droit privé),,,1,,,,,,,,
LU,public company,,,1,,,,,,,,
LU,rechtsfähige Anstalt des öffentlichen Rechts,,,1,,,,,,,,
LU,s.a.r.l.,,,1,,,,,,,,
LU,s.à r.l.,,,1,,,,,,,,
LU,senc,,,1,,,,,,,,
LU,single member company limited by shares,,,1,,,,,,,,
LU,socciété anonyme,,,1,,,,,,,,
LU,sociedad limitada unipersonal (Sàrl unipersonnelle),,,1,,,,,,,,
LU,sociedade anônima,,,1,,,,,,,,
LU,societas europaea,,,1,,,,,,,,
LU,socitété à responsabilité limitée,,,1,,,,,,,,
LU,société anonyme de droit Suisse,,,1,,,,,,,,
LU,société anonyme de droit espagnol,,,1,,,,,,,,
LU,société anonyme de droit français,,,1,,,,,,,,
LU,société anonyme de droit public,,,1,,,,,,,,
LU,société anonyme européenne de droit belge,,,1,,,,,,,,
LU,société anonyme par actions de droit irlandais,,,1,,,,,,,,
LU,société anonymye,,,1,,,,,,,,
LU,société anonymé,,,1,,,,,,,,
LU,société civile sous forme de société privée à responsabilité limitée,,,1,,,,,,,,
LU,société civile à forme de société privée à responsabilité limitée,,,1,,,,,,,,
LU,société civile à forme de société privée à responsabilitée limitée,,,1,,,,,,,,
LU,société coopérative,,,1,,,,,,,,
LU,société d'exercice libéral à forme anonyme de droit français,,,1,,,,,,,,
LU,société de droit anglais à responsabilité limité par actions,,,1,,,,,,,,
LU,"société de droit espagnole (S.L.), société à responsabilité limitée",,,1,,,,,,,,
LU,société de personnes à responsabilité limitée,,,1,,,,,,,,
LU,société en nom collectif,,,1,,,,,,,,
LU,société en nom collectif (unlimited company),,,1,,,,,,,,
LU,société par action simplifiée,,,1,,,,,,,,
LU,société par actions (corporation),,,1,,,,,,,,
LU,société par actions simplifiées,,,1,,,,,,,,
LU,société par actions à responsabilité limitée,,,1,,,,,,,,
LU,société par quote parts,,,1,,,,,,,,
LU,société privée à résponsabilité limitée,,,1,,,,,,,,
LU,société à respondabilité limitée,,,1,,,,,,,,
LU,société à responsabilité de droit italien,,,1,,,,,,,,
LU,société à responsabilité de droit étranger,,,1,,,,,,,,
LU,société à responsabilité illimitée,,,1,,,,,,,,
LU,société à responsabilité limité,,,1,,,,,,,,
LU,société à responsabilité limitée (Korlatolt Felelossegu Tarsasag),,,1,,,,,,,,
LU,société à responsabilité limitée de droit Polonais,,,1,,,,,,,,
LU,société à responsabilité limitée de droit allemand,,,1,,,,,,,,
LU,société à responsabilité limitée de droit hongrois,,,1,,,,,,,,
LU,société à responsabilité limitée de droit portugais,,,1,,,,,,,,
LU,société à responsabilité limitée de droit suédois,,,1,,,,,,,,
LU,société à responsabilité limitée de droit étranger,,,1,,,,,,,,
LU,société à responsabilité limitée sous forme de société privée,,,1,,,,,,,,
LU,"société à responsabilité limitée, SARL",,,1,,,,,,,,
LU,société à responsabilité par actions de droit anglais,,,1,,,,,,,,
LU,soicété coopérative à responsabilité limitée,,,1,,,,,,,,
LU,spolka z ograniczona odpowiedzialnoscia,,,1,,,,,,,,
LU,unlimited company,,,1,,,,,,,,
LU,« Incorporated » équivalente à une société anonyme de droit luxembourgeois,,,1,,,,,,,,
LU,« Limited Company »,,,1,,,,,,,,
LU,équivalent à SARL,,,1,,,,,,,,
LV,Sabiedrība ar ierobežotu atbildību,,,256834,,,,,,,,
LV,Zemnieku saimniecība,,,38511,,,,,,,,
LV,Individuālais uzņēmums,,,23489,,,,,,,,
LV,Individuālais komersants,,,21587,,,,,,,,
LV,Biedrība,,,21045,,,,,,,,
LV,Masu informācijas līdzeklis,,,5169,,,,,,,,
LV,Kooperatīvā sabiedrība,,,3681,,,,,,,,
LV,Akciju sabiedrība,,,2286,,,,,,,,
LV,Sabiedriskā organizācija,,,2238,,,,,,,,
LV,Ārvalsts komersanta pārstāvniecība,,,2169,,,,,,,,
LV,Filiāle,,,2022,,,,,,,,
LV,Nodibinājums,,,1534,,,,,,,,
LV,Valsts uzņēmums,,,1153,,,,,,,,
LV,Pašvaldības uzņēmums,,,1113,,,,,,,,
LV,Ārvalsts komersanta filiāle,,,863,,,,,,,,
LV,Pilnsabiedrība,,,841,,,,,,,,
LV,Draudze,,,811,,,,,,,,
LV,Paju sabiedrība,,,675,,,,,,,,
LV,Komandītsabiedrība,,,370,,,,,,,,
LV,Katoļu baznīcas publisko tiesību juridiskā persona,,,278,,,,,,,,
LV,Arodbiedrība,,,238,,,,,,,,
LV,Šķīrējtiesa,,,224,,,,,,,,
LV,Līgumsabiedrība ar pilnu atbildību,,,174,,,,,,,,
LV,Draudze (jaunā),,,173,,,,,,,,
LV,Pārstāvniecība,,,156,,,,,,,,
LV,Zvejnieku saimniecība,,,151,,,,,,,,
LV,Kooperatīvo biedrību uzņēmums,,,125,,,,,,,,
LV,Ģimenes uzņēmums,,,102,,,,,,,,
LV,Pārstāvis,,,101,,,,,,,,
LV,Arodbiedrības patstāvīgā vienība,,,82,,,,,,,,
LV,Politiskā partija,,,81,,,,,,,,
LV,Kooperatīvo biedrību savienības uzņēmums,,,78,,,,,,,,
LV,Uzņēmējsabiedrības uzņēmums,,,77,,,,,,,,
LV,Politiska organizācija (partija),,,71,,,,,,,,
LV,Ārvalsts organizācijas pārstāvniecība,,,65,,,,,,,,
LV,Sabiedriskās organizācijas uzņēmums,,,42,,,,,,,,
LV,Iestāde,,,19,,,,,,,,
LV,Kooperatīvo biedrību savienība,,,17,,,,,,,,
LV,Baznīca,,,10,,,,,,,,
LV,Politisko partiju apvienība,,,8,,,,,,,,
LV,Sabiedrība ar papildu atbildību,,,7,,,,,,,,
LV,Eiropas komercsabiedrība,,,6,,,,,,,,
LV,Savienība,,,6,,,,,,,,
LV,Misija,,,4,,,,,,,,
LV,Reliģiskas organizācijas uzņēmums,,,4,,,,,,,,
LV,Arodbiedrību apvienība,,,3,,,,,,,,
LV,Eiropas ekonomisko interešu grupa,,,3,,,,,,,,
LV,Klosteris,,,3,,,,,,,,
LV,Biedrība (rel.),,,2,,,,,,,,
LV,Diecēze,,,2,,,,,,,,
MD,Societate cu răspundere limitată,,,100262,,,,,,,,
MD,Întreprindere individuală,,,87118,,,,,,,,
MD,Societate pe acţiuni de tip închis,,,3112,,,,,,,,
MD,Cooperativă de producţie (inclusiv agricole),,,2151,,,,,,,,
MD,Cooperativă de consum (inclusiv prestarea serviciilor),,,1872,,,,,,,,
MD,Alte forme de asociaţii,,,1503,,,,,,,,
MD,Întreprindere de stat,,,1016,,,,,,,,
MD,Societate pe acţiuni de tip deschis,,,982,,,,,,,,
MD,Întreprindere municipală,,,864,,,,,,,,
MD,Cooperative de întreprinzător,,,356,,,,,,,,
MD,Reprezentanţa întreprinderii nerezidente străine,,,335,,,,,,,,
MD,Societate pe acţiuni,,,309,,,,,,,,
MD,Filiala întreprinderii nerezidente străine,,,269,,,,,,,,
MD,Asociaţia gospodăriilor ţărăneşti (de fermieri),,,192,,,,,,,,
MD,Asociaţie,,,183,,,,,,,,
MD,Societate în nume colectiv,,,183,,,,,,,,
MD,"Întreprindere individuală în agricultură (gospodăria ţărănească, de fermier)",,,138,,,,,,,,
MD,Întreprindere de arendă,,,63,,,,,,,,
MD,Alte organizaţii necomerciale,,,51,,,,,,,,
MD,Colhoz,,,40,,,,,,,,
MD,Instituţie,,,39,,,,,,,,
MD,Cooperative mixte,,,35,,,,,,,,
MD,Societate în comandită,,,31,,,,,,,,
MD,Instituţie privată,,,25,,,,,,,,
MD,Concern,,,15,,,,,,,,
MD,Uniune de persoane juridice,,,11,,,,,,,,
MD,Uniuni de persoane juridice,,,11,,,,,,,,
MD,Întreprindere intergospodărească,,,11,,,,,,,,
MD,Uniune,,,9,,,,,,,,
MD,Alte întreprinderi,,,7,,,,,,,,
MD,Alte uniuni de întreprinderi,,,3,,,,,,,,
MD,Întreprinderea cooperatistă(cooperaţiei de consum),,,3,,,,,,,,
MD,Asociaţie obştească,,,2,,,,,,,,
MD,Mişcare obştească,,,2,,,,,,,,
MD,Activitatea de întreprinzător a persoanei fizice,,,1,,,,,,,,
MD,Alte subdiviziuni,,,1,,,,,,,,
MD,Organizaţie necomercială,,,1,,,,,,,,
ME,DRUŠTVO SA OGRANIČENOM ODGOVORNOŠĆU,,,46213,,,,,,,,
ME,PREDUZETNIK,,,30076,,,,,,,,
ME,USTANOVA,,,1489,,,,,,,,
ME,ORTAČKO DRUŠTVO,,,861,,,,,,,,
ME,DIO STRANOG DRUŠTVA,,,754,,,,,,,,
ME,AKCIONARSKO DRUŠTVO,,,508,,,,,,,,
ME,NEVLADINA ORGANIZACIJA,,,417,,,,,,,,
ME,ZADRUGA,,,140,,,,,,,,
ME,KOMANDITNO DRUŠTVO,,,75,,,,,,,,
ME,OSTALI OBLICI OBAVLJANJA PRIVREDNE DJELATNOSTI,,,30,,,,,,,,
ME,INVESTICIONI FONDOVI,,,8,,,,,,,,
NL,Besloten Vennootschap,,,1047314,,,,,,,,
NL,Stichting,,,222606,,,,,,,,
NL,Vennootschap Onder Firma,,,52570,,,,,,,,
NL,Commanditaire Vennootschap,,,11920,,,,,,,,
NL,Uitgesloten Aansprakelijkheid,,,9382,,,,,,,,
NL,Naamloze Vennootschap,,,7183,,,,,,,,
NL,Beperkte Aansprakelijkheid,,,2366,,,,,,,,
NL,Wettelijke Aansprakelijkheid,,,2087,,,,,,,,
NO,Enkeltmannsforetak,,,629952,,,,,,,,
NO,Aksjeselskap,,,331213,,,,,,,,
NO,Forening/Lag/Innretning,,,94413,,,,,,,,
NO,Norsk avdeling av utenlandsk foretak,,,32671,,,,,,,,
NO,Ansvarlig selskap med delt ansvar,,,20807,,,,,,,,
NO,Konkursbo,,,19483,,,,,,,,
NO,Eierseksjonsameier,,,18373,,,,,,,,
NO,Ansvarlig selskap,,,15537,,,,,,,,
NO,Borettslag,,,8685,,,,,,,,
NO,Stiftelse,,,7588,,,,,,,,
NO,Annen juridisk person,,,7435,,,,,,,,
NO,Samvirkeforetak,,,5544,,,,,,,,
NO,Tingsrettslig sameie,,,3735,,,,,,,,
NO,Organisasjonsledd,,,2366,,,,,,,,
NO,Begrenset ansvar,,,2051,,,,,,,,
NO,Kirkelig fellesråd,,,1639,,,,,,,,
NO,Kommandittselskap,,,568,,,,,,,,
NO,Administrativ enhet -Offentlig sektor,,,492,,,,,,,,
NO,Verdipapirfond,,,490,,,,,,,,
NO,Kommune,,,432,,,,,,,,
NO,Partrederi,,,303,,,,,,,,
NO,Interkommunalt selskap,,,269,,,,,,,,
NO,Kommunalt foretak,,,235,,,,,,,,
NO,Allment aksjeselskap,,,233,,,,,,,,
NO,Kontorfellesskap,,,153,,,,,,,,
NO,Særskilt oppdelt enhet,,,123,,,,,,,,
NO,Sparebank,,,102,,,,,,,,
NO,Annet foretak iflg. særskilt lov,,,90,,,,,,,,
NO,Pensjonskasse,,,86,,,,,,,,
NO,Andre bo,,,54,,,,,,,,
NO,Boligbyggelag,,,54,,,,,,,,
NO,Gjensidig forsikringsselskap,,,47,,,,,,,,
NO,Enkeltperson registrert i tilknyttet register,,,35,,,,,,,,
NO,Enkeltpersonforetak,,,27,,,,,,,,
NO,Fylke,,,19,,,,,,,,
NO,Stat,,,19,,,,,,,,
NO,Fylkeskommunalt foretak,,,10,,,,,,,,
NO,Statsforetak,,,9,,,,,,,,
NO,Europeisk selskap (Societas Europaea),,,4,,,,,,,,
NO,Forening/lag/innretning,,,4,,,,,,,,
NO,Norskregistrert utenlandsk foretak,,,2,,,,,,,,
NO,Selskap med begrenset ansvar,,,2,,,,,,,,
NO,Andre ikke juridiske personer,,,1,,,,,,,,
PL,SPÓŁKA Z OGRANICZONĄ ODPOWIEDZIALNOŚCIĄ,,,214088,,,,,,,,
PL,STOWARZYSZENIE,,,62482,,,,,,,,
PL,SPÓŁKA JAWNA,,,39509,,,,,,,,
PL,SPÓŁDZIELNIA,,,13855,,,,,,,,
PL,FUNDACJA,,,12943,,,,,,,,
PL,SPÓŁKA AKCYJNA,,,9667,,,,,,,,
PL,SPÓŁKA KOMANDYTOWA,,,9361,,,,,,,,
PL,ZWIĄZEK ZAWODOWY,,,7686,,,,,,,,
PL,STOWARZYSZENIE KULTURY FIZYCZNEJ,,,5848,,,,,,,,
PL,KÓŁKO ROLNICZE,,,3619,,,,,,,,
PL,SAMODZIELNY PUBLICZNY ZAKŁAD OPIEKI ZDROWOTNEJ,,,2267,,,,,,,,
PL,ODDZIAŁ ZAGRANICZNEGO PRZEDSIĘBIORCY,,,2088,,,,,,,,
PL,SPÓŁKA PARTNERSKA,,,1891,,,,,,,,
PL,SPÓŁKA KOMANDYTOWO-AKCYJNA,,,1758,,,,,,,,
PL,PRZEDSIĘBIORSTWO PAŃSTWOWE,,,1749,,,,,,,,
PL,ZWIĄZEK SPORTOWY,,,595,,,,,,,,
PL,CECH RZEMIEŚLNICZY,,,483,,,,,,,,
PL,ROLNICZE ZRZESZENIE BRANŻOWE,,,475,,,,,,,,
PL,ZWIĄZEK STOWARZYSZEŃ,,,465,,,,,,,,
PL,ZWIĄZEK PRACODAWCÓW,,,410,,,,,,,,
PL,INNA OSOBA PRAWNA BĘDĄCA ORGANIZACJĄ POŻYTKU PUBLICZNEGO,,,406,,,,,,,,
PL,IZBA GOSPODARCZA,,,379,,,,,,,,
PL,"ZWIĄZKI ROLNIKÓW, KÓŁEK I ORGANIZACJI ROLNICZYCH",,,325,,,,,,,,
PL,STOWARZYSZENIE KULTURY FIZYCZNEJ O ZASIĘGU OGÓLNOKRAJOWYM,,,190,,,,,,,,
PL,JEDNOSTKA BADAWCZO-ROZWOJOWA,,,161,,,,,,,,
PL,INNA ORGANIZACJA SPOŁECZNA LUB ZAWODOWA,,,90,,,,,,,,
PL,ZRZESZENIE HANDLU I USŁUG,,,75,,,,,,,,
PL,INSTYTUT BADAWCZY,,,70,,,,,,,,
PL,PRZEDSIĘBIORSTWO ZAGRANICZNE,,,62,,,,,,,,
PL,ZWIĄZEK ROLNICZYCH ZRZESZEŃ BRANŻOWYCH,,,58,,,,,,,,
PL,POLSKI ZWIĄZEK SPORTOWY,,,56,,,,,,,,
PL,KOŚCIELNA OSOBA PRAWNA BĘDĄCA ORGANIZACJĄ POŻYTKU PUBLICZNEGO,,,53,,,,,,,,
PL,ZRZESZENIE TRANSPORTU,,,51,,,,,,,,
PL,NIE POSIADAJĄCA OSOBOWOŚCI PRAWNEJ INSTYTUCJA KOŚCIELNA BĘDĄCA ORGANIZACJĄ POŻYTKU PUBLICZNEGO,,,49,,,,,,,,
PL,INNA ORGANIZACJA PODMIOTÓW GOSPODARCZYCH,,,37,,,,,,,,
PL,IZBA RZEMIEŚLNICZA,,,35,,,,,,,,
PL,NIE POSIADAJĄCA OSOBOWOŚCI PRAWNEJ ORGANIZACJA POŻYTKU PUBLICZNEGO,,,28,,,,,,,,
PL,OGÓLNOKRAJOWY ZWIĄZEK MIĘDZYBRANŻOWY,,,26,,,,,,,,
PL,KOLUMNA TRANSPORTU SANITARNEGO,,,25,,,,,,,,
PL,FEDERACJA / KONFEDERACJA ZWIĄZKÓW PRACODAWCÓW,,,18,,,,,,,,
PL,INSTYTUCJA GOSPODARKI BUDŻETOWEJ,,,16,,,,,,,,
PL,ZWIĄZEK ZAWODOWY ROLNIKÓW INDYWIDUALNYCH,,,12,,,,,,,,
PL,TOWARZYSTWO UBEZPIECZEŃ WZAJEMNYCH,,,10,,,,,,,,
PL,OGÓLNOKRAJOWE ZRZESZENIE MIĘDZYBRANŻOWE,,,8,,,,,,,,
PL,GŁÓWNY ODDZIAŁ ZAGRANICZNEGO ZAKŁADU UBEZPIECZEŃ,,,4,,,,,,,,
PL,EUROPEJSKIE ZGRUPOWANIE INTERESÓW GOSPODARCZYCH,,,3,,,,,,,,
PL,SPÓŁKA EUROPEJSKA,,,2,,,,,,,,
PL,OGÓLNOKRAJOWA REPREZENTACJA ZRZESZEŃ HANDLU I USŁUG,,,1,,,,,,,,
PL,OGÓLNOKRAJOWA REPREZENTACJA ZRZESZEŃ TRANSPORTU,,,1,,,,,,,,
PL,ZWIĄZEK RZEMIOSŁA POLSKIEGO,,,1,,,,,,,,
RO,Societate cu răspundere limitată,,,1725199,,,,,,,,
RO,Persoana fizica autorizata,,,428128,,,,,,,,
RO,Întreprindere Individuală,,,172126,,,,,,,,
RO,Persoane fizice,,,161080,,,,,,,,
RO,Associate Familial,,,89084,,,,,,,,
RO,Întreprindere Familială,,,40067,,,,,,,,
RO,Societate cu răspundere limitată - debutantă,,,34357,,,,,,,,
RO,Societate în nume colecti,,,25324,,,,,,,,
RO,Societate pe Acţiuni,,,22472,,,,,,,,
RO,Societate în comandită simplă,,,1143,,,,,,,,
RO,Autonomous Corporations,,,364,,,,,,,,
RO,Societate în comandită pe acţiuni,,,7,,,,,,,,
SE,Aktiebolag,,,895030,,,,,,,,
SE,Handelsbolag,,,237510,,,,,,,,
SE,ekonomisk förening,,,17364,,,,,,,,
SE,BKommanditbolag,,,484,,,,,,,,
SI,Družba z omejeno odgovornostjo,,,70519,,,,,,,,
SI,legal entity,,,25397,,,,,,,,
SI,Delniška družba,,,774,,,,,,,,
SI,Družba z neomejeno odgovornostjo,,,635,,,,,,,,
SI,Komanditna družba,,,347,,,,,,,,
SK,Spoločnosť s ručením obmedzeným,,,302224,,,,,,,,
SK,Samostatne podnikajúca fyzická osoba,,,12346,,,,,,,,
SK,Akciová spoločnosť,,,11474,,,,,,,,
SK,Podnik zahraničnej osoby (organizačná zložka podniku zahraničnej osoby),,,3899,,,,,,,,
SK,Družstvo,,,3510,,,,,,,,
SK,Štátny podnik,,,1835,,,,,,,,
SK,Verejná obchodná spoločnosť,,,1727,,,,,,,,
SK,Komanditná spoločnosť,,,1550,,,,,,,,
SK,Obecný podnik,,,269,,,,,,,,
SK,Organizačná zložka podniku,,,268,,,,,,,,
SK,podnik zahraničnej fyzickej osoby,,,220,,,,,,,,
SK,Podnik zahraničnej fyzickej osoby,,,166,,,,,,,,
SK,Európska spoločnosť,,,130,,,,,,,,
SK,Národný výbor,,,111,,,,,,,,
SK,Iná právna forma,,,57,,,,,,,,
SK,organizačná zložka zahraničnej právnickej osoby,,,42,,,,,,,,
SK,Iná právnicka osoba,,,28,,,,,,,,
SK,Organizačná zložka zahraničnej právnickej osoby,,,21,,,,,,,,
SK,Jednoduchá spoločnosť na akcie,,,13,,,,,,,,
SK,Obecný úrad,,,13,,,,,,,,
SK,Organizačná zložka podniku zahraničnej osoby,,,13,,,,,,,,
SK,Európske zoskupenie hospodárskych záujmov,,,10,,,,,,,,
SK,hospodárske zariadenie,,,9,,,,,,,,
SK,Európske družstvo,,,8,,,,,,,,
SK,Organizačná zložka podniku zahraničnej právnickej osoby,,,7,,,,,,,,
SK,organizačná zložka,,,7,,,,,,,,
SK,Podnik,,,6,,,,,,,,
SK,Organizačná zložka zahraničnej osoby,,,4,,,,,,,,
SK,družstvo,,,4,,,,,,,,
SK,organizačná zložka podniku zahraničnej osoby,,,4,,,,,,,,
SK,Organizačná zložka zahraničnej právnickej osoby.,,,3,,,,,,,,
SK,Vnútorná organizačná zložka,,,3,,,,,,,,
SK,Oddiel Po,,,2,,,,,,,,
SK,Organizačná zložka,,,2,,,,,,,,
SK,Organizačná zložka zahraničnej právnickej osoby v zmysle ust. § 21 ods. 4 Zák. č. 513/91 Zb.,,,2,,,,,,,,
SK,Podnik zahraničnej právnickej osoby,,,2,,,,,,,,
SK,Združenie,,,2,,,,,,,,
SK,záujmové združenie,,,2,,,,,,,,
SK,Družstevný podnik,,,1,,,,,,,,
SK,Fyzická zahraničná osoba,,,1,,,,,,,,
SK,Hospodárske zariadenie,,,1,,,,,,,,
SK,Iná právne forma,,,1,,,,,,,,
SK,Iná právnická osoba,,,1,,,,,,,,
SK,Komoditná burza,,,1,,,,,,,,
SK,Miestny národný výbor,,,1,,,,,,,,
SK,Odštepný závod,,,1,,,,,,,,
SK,Organizačná zložka podniku zahraničnej osoby.,,,1,,,,,,,,
SK,Organizačná zložka zahraničnej fyzickej osoby,,,1,,,,,,,,
SK,Organizačná zložka zahraničnej osoby.,,,1,,,,,,,,
SK,Organizačná zložka zahraničnej prácnivkej osoby.,,,1,,,,,,,,
SK,Organizácia,,,1,,,,,,,,
SK,Podnik (organizačná zložka podniku) zahraničnej právnickej osoby so sídlom mimo územia členského štátu európskej únie,,,1,,,,,,,,
SK,Podnik fyzickej zahraničnej fyzickej osoby,,,1,,,,,,,,
SK,Podnik zahraničnej fyzickej odoby,,,1,,,,,,,,
SK,Podnik zahraničnej fyzickej osobe,,,1,,,,,,,,
SK,Podnik zahraničnej fyzickej ososby,,,1,,,,,,,,
SK,Podnik zahraničnej fyzikcej osoby,,,1,,,,,,,,
SK,Podľa zákona č. 468/1991 Zb. o prevádzkovaní rozshlasového a televízneho vysielania vyhláseného v úplnom znení pod č. 268/1993 Z.z.,,,1,,,,,,,,
SK,Právnická osoba zapísaná v súlade so Zák. č. 80/1997 Z.z.,,,1,,,,,,,,
SK,Právnická osoba zriadená zákonom NR SR č. 566/2001 Z.z. o cenných papieroch a investičných službách a o zmene a doplnení niektorých zákonov.,,,1,,,,,,,,
SK,Príspevková organizácia,,,1,,,,,,,,
SK,Rozpočtové a príspevkové organizácie,,,1,,,,,,,,
SK,Slovenská kancelária poisťovateľov bola zriadená zákonom NR SR č. 381/2001 Z.z. o povinnom zmluvnom poistení zodpovednosti za škodu spôsobenú prevádzkou motorového vozidla a o zmene a doplnení niektorých zákonov.,,,1,,,,,,,,
SK,Slovenský rozhlas bol zriadený zákonom č. 619/2003 Z.z. o Slovenskom rozhlase,,,1,,,,,,,,
SK,Verejnoprávna inštitúcia,,,1,,,,,,,,
SK,Vnútorná organizačná jednotka,,,1,,,,,,,,
SK,Zahraničná fyzická osoba,,,1,,,,,,,,
SK,"Zriadený Zákonom Národnej rady Slovenskej republiky č.379/1996 Z.z., ktorý nadobudol účinnosť 1.1.1997.",,,1,,,,,,,,
SK,hospodárska organizácia,,,1,,,,,,,,
SK,neštátny účelový fond zriadený zo zákona,,,1,,,,,,,,
SK,národný podnik,,,1,,,,,,,,
SK,oranizačná zložka zahraničnej právnickej osoby,,,1,,,,,,,,
SK,organizačná zložka zahraničnej osoby,,,1,,,,,,,,
SK,organizačná zložka zahraničnej právnckej osoby,,,1,,,,,,,,
SK,organizačná zložka zahraničnej právnickej osoby v zmysle § 21 ods. 4 Obchodného zákonníka č. 513/1991 Zb. v znení neskorších zmien a doplnkov,,,1,,,,,,,,
SK,"organizačná zložka zahraničnej právnickej osoby,",,,1,,,,,,,,
SK,podnik,,,1,,,,,,,,
SK,podnik (organizačná zložka podniku) zahraničnej fyzickej osoby,,,1,,,,,,,,
SK,podnik fyzickej zahraničnej osoby,,,1,,,,,,,,
SK,podnik zahraičnej fyzikckej osoby,,,1,,,,,,,,
SK,podnik zahraničnej osoby,,,1,,,,,,,,
SK,podnika zahraničnej fyzickej osoby,,,1,,,,,,,,
SK,podnikateľ,,,1,,,,,,,,
SK,podľa zák. č. 70/1998 Z.z. o energetike,,,1,,,,,,,,
SK,podľa zákona č. 70/1998 Z.z. o energetike,,,1,,,,,,,,
SK,právnická osoba zriadená zákonom NR SR č. 118/1996 Z.z. o ochrane vkladov a o zmene a doplnení niektorých zákonov,,,1,,,,,,,,
SK,spoločný podnik,,,1,,,,,,,,
SK,verejno právna inštitúcia v zmysle zákona č.16/2004 Z.z. o Slovenskej televízii,,,1,,,,,,,,
SK,verejnoprávna inštitúcia v zmysle zákona č. 385/2008 Z.z. o Tlačovej agentúre Slovenskej republiky a o zmene niektorých zákonov,,,1,,,,,,,,
SK,Účelový verejnoprávny fond,,,1,,,,,,,,
SK,Štátny peňažný ústav podľa § 36 ods. 1 Zák. č. 21/1992 Zb. o bankách,,,1,,,,,,,,
