NAME1	City	LAU1		NUTS_3	Pop-2007	Pop-2000	POP	AREA	Capital
Abana	 	TR.KS.AB	TR.KS	TR821	3562	4273	3914	32	Abana
Acıgöl	 	TR.NV.AC	TR.NV	TR714	21846	24844	26048	497	Acıgöl
Acıpayam	 	TR.DN.AC	TR.DN	TR322	58687	64410	69446	1628	Acıpayam
Adaklı	 	TR.BG.AD	TR.BG	TRB13	10647	10856	19519	901	Adaklı
Adalar	İstanbul	TR.IB.AD	TR.IB	TR1	10460	17760	19413	16	
Adilcevaz	 	TR.BT.AD	TR.BT	TRB23	40464	55358	26950	819	Adilcevaz
Afşin	 	TR.KM.AF	TR.KM	TR632	84786	92718	99321	1428	Afşin
Ağaçören	 	TR.AK.AG	TR.AK	TR712	11870	15869	18515	395	Ağaçören
Ağın	 	TR.EG.AG	TR.EG	TRB12	2781	5246	4485	216	Ağın
Ağlasun	 	TR.BD.AG	TR.BD	TR613	9500	11393	11505	310	Ağlasun
Ağlı	 	TR.KS.AG	TR.KS	TR821	3306	4193	4465	176	Ağlı
Ahırlı	 	TR.KO.AH	TR.KO	TR521	6080	14254	10573	421	Ahırlı
Ahlat	 	TR.BT.AH	TR.BT	TRB23	35623	52814	34217	989	Ahlat
Ahmetli	 	TR.MN.AH	TR.MN	TR331	15830	18852	19194	298	Ahmetli
Akçaabat	 	TR.TB.AK	TR.TB	TR901	106475	120693	100762	354	Akçaabat
Akçadağ	 	TR.ML.AK	TR.ML	TRB11	29940	48670	50578	1188	Akçadağ
Akçakale	 	TR.SU.AK	TR.SU	TRC21	76800	77261	48550	691	Akçakale
Akçakent	 	TR.KH.AC	TR.KH	TR715	6261	7700	11274	585	Akçakent
Akçakoca	 	TR.DU.AK	TR.DU	TR423	36944	43895	32839	440	Akçakoca
Akdağmadeni	 	TR.YZ.AK	TR.YZ	TR723	54530	61373	52946	1849	Akdağmadeni
Akhisar	 	TR.MN.AK	TR.MN	TR331	157161	152582	152397	1707	Akhisar
Akıncılar	 	TR.SV.AK	TR.SV	TR722	5845	8353	10368	503	Akıncılar
Akkışla	 	TR.KY.AK	TR.KY	TR721	8627	9864	10709	546	Akkışla
Akköy	 	TR.DN.AK	TR.DN	TR322	5225	6437	7663	186	Akköy
Akkuş	 	TR.OR.AK	TR.OR	TR902	33059	49799	47618	763	Akkuş
Akören	 	TR.KO.AK	TR.KO	TR521	6899	17230	16959	629	Akören
Akpınar	 	TR.KH.AP	TR.KH	TR715	10755	13349	17357	527	Akpınar
Akşehir	 	TR.KO.AS	TR.KO	TR521	99831	114918	94611	816	Akşehir
Akseki	 	TR.AL.AK	TR.AL	TR611	13621	42467	36137	1285	Akseki
Aksu	 	TR.IP.AK	TR.IP	TR612	5360	9554	9591	463	Aksu
Akyaka	 	TR.KA.AK	TR.KA	TRA22	12712	14526	15556	407	Akyaka
Akyazı	 	TR.SK.AK	TR.SK	TR422	83255	77536	68071	617	Akyazı
Akyurt	 	TR.AN.AT	TR.AN	TR51	23354	18907	12507	212	Akyurt
Alaca	 	TR.CM.AL	TR.CM	TR833	40770	53193	53403	1361	Alaca
Alacakaya	 	TR.EG.AL	TR.EG	TRB12	8306	10113	11644	268	Alacakaya
Alaçam	 	TR.SS.AL	TR.SS	TR831	31669	37490	43162	598	Alaçam
Aladağ	 	TR.AA.AL	TR.AA	TR621	17506	24565	23207	1347	Aladağ
Alanya	 	TR.AL.AL	TR.AL	TR611	226236	257671	129396	1599	Alanya
Alaplı	 	TR.ZO.AL	TR.ZO	TR811	46372	44578	41267	185	Alaplı
Alaşehir	 	TR.MN.AL	TR.MN	TR331	97541	93760	91362	1015	Alaşehir
Aliağa	 	TR.IZ.AL	TR.IZ	TR31	60043	57192	42150	274	Aliağa
Almus	 	TR.TT.AL	TR.TT	TR832	29009	43470	37955	946	Almus
Alpu	 	TR.ES.AL	TR.ES	TR412	13870	16727	19013	886	Alpu
Altındağ	Ankara	TR.AN.AL	TR.AN	TR51	370735	407101	422668	175	Altındağ
Altınekin	 	TR.KO.AT	TR.KO	TR521	14874	23062	16270	1449	Altınekin
Altınova	 	TR.YL.AL	TR.YL	TR425	20916	22801	15688	95	Altınova
Altınözü	 	TR.HT.AL	TR.HT	TR631	61323	59167	58288	472	Altınözü
Altıntaş	 	TR.KU.AL	TR.KU	TR333	20316	25271	25152	947	Altıntaş
Altınyayla	 	TR.BD.AL	TR.BD	TR613	5610	6793	7012	364	Altınyayla
Altınyayla	 	TR.SV.AL	TR.SV	TR722	10548	15713	13399	549	Altınyayla
Altunhisar	 	TR.NG.AL	TR.NG	TR713	16522	22284	21229	586	Altunhisar
Alucra	 	TR.GI.AL	TR.GI	TR903	10426	25865	21505	1083	Alucra
Amasra	 	TR.BR.AM	TR.BR	TR813	15199	16122	19857	179	Amasra
Anamur	 	TR.IC.AN	TR.IC	TR622	63850	83864	66400	1338	Anamur
Andırın	 	TR.KM.AN	TR.KM	TR632	40915	41051	44337	1191	Andırın
Araban	 	TR.GA.AR	TR.GA	TRC11	31861	31819	36773	568	Araban
Araç	 	TR.KS.AR	TR.KS	TR821	21054	24180	32267	1642	Araç
Araklı	 	TR.TB.AR	TR.TB	TR901	50285	62139	55419	372	Araklı
Aralık	 	TR.IG.AR	TR.IG	TRA23	22155	21747	17983	709	Aralık
Arapkir	 	TR.ML.AP	TR.ML	TRB11	11470	16625	20675	974	Arapkir
Ardanuç	 	TR.AV.AD	TR.AV	TR905	11948	14477	17782	989	Ardanuç
Ardeşen	 	TR.RI.AR	TR.RI	TR904	38524	58499	39761	629	Ardeşen
Arguvan	 	TR.ML.AV	TR.ML	TRB11	8379	10594	13907	1068	Arguvan
Arhavi	 	TR.AV.AH	TR.AV	TR905	19136	19347	18351	299	Arhavi
Aricak	 	TR.EG.AR	TR.EG	TRB12	16466	20596	16732	400	Aricak
Armutlu	 	TR.YL.AR	TR.YL	TR425	7210	7858	6016	238	Armutlu
Arpaçay	 	TR.KA.AR	TR.KA	TRA22	21673	24995	32272	1285	Arpaçay
Arsin	 	TR.TB.AS	TR.TB	TR901	24758	35863	33432	183	Arsin
Artova	 	TR.TT.AR	TR.TT	TR832	11073	16246	17688	356	Artova
Asarcik	 	TR.SS.AS	TR.SS	TR831	19207	18267	16716	232	Asarcik
Aşkale	 	TR.EM.AS	TR.EM	TRA11	27890	35554	42533	1530	Aşkale
Aslanapa	 	TR.KU.AS	TR.KU	TR333	12051	13094	15420	781	Aslanapa
Atabey	 	TR.IP.AT	TR.IP	TR612	6209	12402	7561	182	Atabey
Atkaracalar	 	TR.CI.AT	TR.CI	TR822	3964	9977	11235	363	Atkaracalar
Avanos	 	TR.NV.AV	TR.NV	TR714	35120	43131	39661	994	Avanos
Avcılar	İstanbul	TR.IB.AV	TR.IB	TR1	323596	233749	126493	39	
Ayancık	 	TR.SP.AY	TR.SP	TR823	22748	26047	36043	903	Ayancık
Ayaş	 	TR.AN.AY	TR.AN	TR51	13159	21239	20806	1112	Ayaş
Aybastı	 	TR.OR.AY	TR.OR	TR902	26598	31071	31614	423	Aybastı
Aydıncık	 	TR.IC.AY	TR.IC	TR622	11647	11501	10882	442	Aydıncık
Aydıncık	 	TR.YZ.AY	TR.YZ	TR723	12618	25955	21120	374	Aydıncık
Aydınlar	 	TR.SI.AY	TR.SI	TRC34	3867	5054	5643	69	Aydınlar
Aydıntepe	 	TR.BB.AY	TR.BB	TRA13	7200	12614	12537	473	Aydıntepe
Ayrancı	 	TR.KR.AY	TR.KR	TR522	10594	13212	14600	1956	Ayrancı
Ayvacık	 	TR.CK.AY	TR.CK	TR222	30387	30502	30534	893	Ayvacık
Ayvacık	 	TR.SS.AY	TR.SS	TR831	26465	24275	24300	399	Ayvacık
Ayvalık	 	TR.BK.AY	TR.BK	TR221	58638	58738	46827	265	Ayvalık
Azdavay	 	TR.KS.AZ	TR.KS	TR821	7878	9019	13833	772	Azdavay
Babadağ	 	TR.DN.BB	TR.DN	TR322	7950	8212	9513	180	Babadağ
Babaeski	 	TR.KL.BA	TR.KL	TR213	51815	53655	54879	633	Babaeski
Bafra	 	TR.SS.BA	TR.SS	TR831	143084	157010	153701	1509	Bafra
Bağcılar	İstanbul	TR.IB.BA	TR.IB	TR1	719267	556519	291457	21	
Bahçe	 	TR.OS.BA	TR.OS	TR633	21175	26398	25187	183	Bahçe
Bahçelievler	İstanbul	TR.IB.BC	TR.IB	TR1	571711	478623	298211	16	
Bahçesaray	 	TR.VA.BC	TR.VA	TRB21	18033	16795	17246	490	Bahçesaray
Bahşılı	 	TR.KK.BH	TR.KK	TR711	7121	8525	10768	182	Bahşılı
Bakırköy	İstanbul	TR.IB.BK	TR.IB	TR1	214821	208398	301673	32	
Baklan	 	TR.DN.BK	TR.DN	TR322	6913	8440	11970	374	Baklan
Bala	 	TR.AN.BA	TR.AN	TR51	23505	39714	39057	2563	Bala
Balçova	İzmir	TR.IZ.BA	TR.IZ	TR31	74837	66877	59825	21	
Balışeyh	 	TR.KK.BL	TR.KK	TR711	8221	13702	14428	677	Balışeyh
Balya	 	TR.BK.BL	TR.BK	TR221	16712	18869	21486	936	Balya
Banaz	 	TR.US.BA	TR.US	TR334	38594	43350	44619	1032	Banaz
Bandırma	 	TR.BK.BD	TR.BK	TR221	128603	120753	103260	713	Bandırma
Başçiftlik	 	TR.TT.BA	TR.TT	TR832	5093	13321	8648	231	Başçiftlik
Başkale	 	TR.VA.BK	TR.VA	TRB21	63123	55563	55597	2731	Başkale
Baskil	 	TR.EG.BA	TR.EG	TRB12	15978	26811	23026	1338	Baskil
Başmakçı	 	TR.AF.BM	TR.AF	TR332	11329	15084	13021	443	Başmakçı
Başyayla	 	TR.KR.BA	TR.KR	TR522	5465	8155	8062	374	Başyayla
Battalgazi	 	TR.ML.BA	TR.ML	TRB11	27643	28085	26665	235	Battalgazi
Bayat	 	TR.AF.BT	TR.AF	TR332	9287	8753	8985	575	Bayat
Bayat	 	TR.CM.BA	TR.CM	TR833	27032	30574	36294	815	Bayat
Bayındır	 	TR.IZ.BD	TR.IZ	TR31	42152	47214	47126	540	Bayındır
Baykan	 	TR.SI.BA	TR.SI	TRC34	28561	31500	27387	564	Baykan
Bayramiç	 	TR.CK.BA	TR.CK	TR222	31372	32314	31949	1284	Bayramiç
Bayramören	 	TR.CI.BA	TR.CI	TR822	2608	6617	7310	334	Bayramören
Bayrampaşa	İstanbul	TR.IB.BP	TR.IB	TR1	272196	246006	212570	7	
Bekilli	 	TR.DN.BL	TR.DN	TR322	8691	10577	12637	253	Bekilli
Belen	 	TR.HT.BE	TR.HT	TR631	26256	28382	22893	130	Belen
Bergama	 	TR.IZ.BE	TR.IZ	TR31	102581	106536	101421	1722	Bergama
Beşikdüzü	 	TR.TB.BE	TR.TB	TR901	21149	47331	28794	63	Beşikdüzü
Beşiktaş	İstanbul	TR.IB.BE	TR.IB	TR1	191513	190813	192210	21	
Beşiri	 	TR.BM.BE	TR.BM	TRC32	31649	33106	32803	889	Beşiri
Besni	 	TR.AD.BE	TR.AD	TRC12	80468	108667	88531	1151	Besni
Beyağaç	 	TR.DN.BY	TR.DN	TR322	7122	7332	7197	184	Beyağaç
Beydağ	 	TR.IZ.BG	TR.IZ	TR31	13500	14147	14632	184	Beydağ
Beykoz	İstanbul	TR.IB.BY	TR.IB	TR1	241833	210832	161609	239	
Beylikova	 	TR.ES.BE	TR.ES	TR412	7450	10506	12689	450	Beylikova
Beyoğlu	İstanbul	TR.IB.BG	TR.IB	TR1	247256	231900	229000	9	
Beypazarı	 	TR.AN.BE	TR.AN	TR51	46884	51841	45977	1814	Beypazarı
Beyşehir	 	TR.KO.BE	TR.KO	TR521	72712	118144	93740	2116	Beyşehir
Beytüşşebap	 	TR.SR.BE	TR.SR	TRC33	19947	20659	18651	1656	Beytüşşebap
Biga	 	TR.CK.BI	TR.CK	TR222	79569	77169	75513	1354	Biga
Bigadiç	 	TR.BK.BI	TR.BK	TR221	49676	49957	50345	1029	Bigadiç
Birecik	 	TR.SU.BI	TR.SU	TRC21	83319	74671	58907	790	Birecik
Bismil	 	TR.DY.BI	TR.DY	TRC22	108706	126885	99662	1737	Bismil
Bodrum	 	TR.MG.BO	TR.MG	TR323	105474	97826	56821	656	Bodrum
Boğazkale	 	TR.CM.BO	TR.CM	TR833	5696	8190	9973	311	Boğazkale
Boğazlıyan	 	TR.YZ.BO	TR.YZ	TR723	35170	67184	55810	1638	Boğazlıyan
Bolvadin	 	TR.AF.BO	TR.AF	TR332	46520	79888	66438	1153	Bolvadin
Bor	 	TR.NG.BO	TR.NG	TR713	59873	63020	54636	1269	Bor
Borçka	 	TR.AV.BO	TR.AV	TR905	24133	27654	30329	799	Borçka
Bornova	İzmir	TR.IZ.BO	TR.IZ	TR31	476153	396770	278300	224	
Boyabat	 	TR.SP.BO	TR.SP	TR823	42433	45193	50648	1475	Boyabat
Bozcaada	 	TR.CK.BO	TR.CK	TR222	2276	2427	2003	43	Bozcaada
Bozdoğan	 	TR.AY.BO	TR.AY	TR321	36463	35190	34429	855	Bozdoğan
Bozkır	 	TR.KO.BO	TR.KO	TR521	32054	55067	50475	1460	Bozkır
Bozkurt	 	TR.DN.BO	TR.DN	TR322	11834	11862	12647	359	Bozkurt
Bozkurt	 	TR.KS.BO	TR.KS	TR821	8548	10159	12221	286	Bozkurt
Bozova	 	TR.SU.BO	TR.SU	TRC21	58150	65842	54637	1620	Bozova
Boztepe	 	TR.KH.BO	TR.KH	TR715	6706	10189	10639	562	Boztepe
Bozüyük	 	TR.BC.BO	TR.BC	TR413	64514	60863	48443	854	Bozüyük
Bozyazı	 	TR.IC.BO	TR.IC	TR622	26161	43835	31238	566	Bozyazı
Buca	İzmir	TR.IZ.BU	TR.IZ	TR31	400930	315136	203383	134	
Bucak	 	TR.BD.BU	TR.BD	TR613	58837	57950	54862	1401	Bucak
Buharkent	 	TR.AY.BU	TR.AY	TR321	12527	12984	11199	102	Buharkent
Bulancak	 	TR.GI.BU	TR.GI	TR903	59325	59841	56878	693	Bulancak
Bulanık	 	TR.MS.BU	TR.MS	TRB22	85232	99819	78995	1689	Bulanık
Buldan	 	TR.DN.BU	TR.DN	TR322	27380	26994	25554	508	Buldan
Bünyan	 	TR.KY.BU	TR.KY	TR721	35106	39542	42855	1366	Bünyan
Burhaniye	 	TR.BK.BU	TR.BK	TR221	48602	43199	34634	280	Burhaniye
Büyükçekmece	 	TR.IB.BU	TR.IB	TR1	688774	384089	142910	239	Büyükçekmece
Büyükorhan	 	TR.BU.BK	TR.BU	TR411	14199	16667	19515	520	Büyükorhan
Çağlayancerit	 	TR.KM.CA	TR.KM	TR632	26846	29580	26914	417	Çağlayancerit
Çal	 	TR.DN.CL	TR.DN	TR322	24157	32932	41858	886	Çal
Çaldıran	 	TR.VA.CD	TR.VA	TRB21	63864	56485	41879	1587	Çaldıran
Çamardı	 	TR.NG.CA	TR.NG	TR713	15293	20302	21432	1273	Çamardı
Çamaş	 	TR.OR.CM	TR.OR	TR902	10667	13650	15002	91	Çamaş
Çameli	 	TR.DN.CM	TR.DN	TR322	20953	19100	20379	708	Çameli
Çamlıdere	 	TR.AN.CA	TR.AN	TR51	9329	15339	19365	633	Çamlıdere
Çamlıhemşin	 	TR.RI.CH	TR.RI	TR904	6023	8237	10566	700	Çamlıhemşin
Çamlıyayla	 	TR.IC.CA	TR.IC	TR622	11844	18964	19440	683	Çamlıyayla
Çamoluk	 	TR.GI.CM	TR.GI	TR903	7588	14715	10641	401	Çamoluk
Çan	 	TR.CK.CA	TR.CK	TR222	51965	52929	51613	907	Çan
Çanakçı	 	TR.GI.CN	TR.GI	TR903	7257	15245	14959	282	Çanakçı
Çandır	 	TR.YZ.CD	TR.YZ	TR723	5284	19037	11317	99	Çandır
Çankaya	Ankara	TR.AN.CK	TR.AN	TR51	792189	769331	714330	268	Çankaya
Çardak	 	TR.DN.CK	TR.DN	TR322	9372	11236	10001	323	Çardak
Çarşamba	 	TR.SS.CA	TR.SS	TR831	136343	131194	128589	641	Çarşamba
Çarşıbaşı	 	TR.TB.CB	TR.TB	TR901	16216	17456	16153	67	Çarşıbaşı
Çat	 	TR.EM.CA	TR.EM	TRA11	21491	26057	25360	1383	Çat
Çatak	 	TR.VA.CK	TR.VA	TRB21	24152	23816	21755	1858	Çatak
Çatalca	 	TR.IB.CA	TR.IB	TR1	89158	81589	64241	1344	Çatalca
Çatalpınar	 	TR.OR.CP	TR.OR	TR902	16259	23192	17165	47	Çatalpınar
Çatalzeytin	 	TR.KS.CA	TR.KS	TR821	6597	8508	11080	368	Çatalzeytin
Çavdarhisar	 	TR.KU.CA	TR.KU	TR333	8906	13538	12669	200	Çavdarhisar
Çavdır	 	TR.BD.CA	TR.BD	TR613	13072	15584	15294	483	Çavdır
Çay	 	TR.AF.CA	TR.AF	TR332	35876	45635	43582	867	Çay
Çaybaşı	 	TR.OR.CY	TR.OR	TR902	15108	15372	19004	165	Çaybaşı
Çaycuma	 	TR.ZO.CA	TR.ZO	TR811	96850	100685	105586	392	Çaycuma
Çayeli	 	TR.RI.CL	TR.RI	TR904	42109	51816	51751	458	Çayeli
Çayıralan	 	TR.YZ.CL	TR.YZ	TR723	22053	32880	24381	1261	Çayıralan
Çayırlı	 	TR.EN.CA	TR.EN	TRA12	10517	17043	21746	1080	Çayırlı
Çaykara	 	TR.TB.CK	TR.TB	TR901	14018	35435	22571	573	Çaykara
Çekerek	 	TR.YZ.CK	TR.YZ	TR723	30463	40689	41846	750	Çekerek
Çelebi	 	TR.KK.CE	TR.KK	TR711	2178	7210	7705	342	Çelebi
Çelikhan	 	TR.AD.CE	TR.AD	TRC12	15547	20271	19087	651	Çelikhan
Çeltik	 	TR.KO.CE	TR.KO	TR521	11505	14460	14033	554	Çeltik
Çeltikçi	 	TR.BD.CE	TR.BD	TR613	6354	6758	8285	184	Çeltikçi
Çemişgezek	 	TR.TC.CE	TR.TC	TRB14	8210	9773	12559	865	Çemişgezek
Çerkeş	 	TR.CI.CE	TR.CI	TR822	14601	29619	22145	986	Çerkeş
Çerkezköy	 	TR.TG.CE	TR.TG	TR211	131723	82685	41317	326	Çerkezköy
Çermik	 	TR.DY.CE	TR.DY	TRC22	51381	46050	49107	987	Çermik
Çeşme	 	TR.IZ.CE	TR.IZ	TR31	27796	37372	29463	257	Çeşme
Ceyhan	 	TR.AA.CE	TR.AA	TR621	158459	179333	161080	1444	Ceyhan
Ceylanpınar	 	TR.SU.CE	TR.SU	TRC21	69571	67817	49555	2201	Ceylanpınar
Çiçekdağı	 	TR.KH.CI	TR.KH	TR715	18038	21059	28422	803	Çiçekdağı
Cide	 	TR.KS.CI	TR.KS	TR821	20382	23161	29355	664	Cide
Çifteler	 	TR.ES.CI	TR.ES	TR412	16936	18545	20073	794	Çifteler
Çiftlik	 	TR.NG.CI	TR.NG	TR713	29236	32151	27236	422	Çiftlik
Çiftlikköy	 	TR.YL.CT	TR.YL	TR425	24046	24789	14672	117	Çiftlikköy
Çiğli	İzmir	TR.IZ.CI	TR.IZ	TR31	144251	113543	78462	97	
Cihanbeyli	 	TR.KO.CI	TR.KO	TR521	62572	75871	69952	4448	Cihanbeyli
Çıldır	 	TR.AR.CI	TR.AR	TRA24	11901	14869	18579	878	Çıldır
Çilimli	 	TR.DU.CI	TR.DU	TR423	16316	16849	15427	100	Çilimli
Çınar	 	TR.DY.CI	TR.DY	TRC22	62871	58583	50445	1990	Çınar
Çınarcık	 	TR.YL.CN	TR.YL	TR425	22085	21650	17290	189	Çınarcık
Çine	 	TR.AY.CI	TR.AY	TR321	53820	53770	54188	910	Çine
Çivril	 	TR.DN.CI	TR.DN	TR322	61301	62708	61441	1478	Çivril
Cizre	 	TR.SR.CI	TR.SR	TRC33	105651	82042	63626	468	Cizre
Çobanlar	 	TR.AF.CO	TR.AF	TR332	13092	12364	10213	393	Çobanlar
Çorlu	 	TR.TG.CO	TR.TG	TR211	225244	179033	104303	899	Çorlu
Çubuk	 	TR.AN.CU	TR.AN	TR51	83826	75119	52041	1362	Çubuk
Çukurca	 	TR.HK.CU	TR.HK	TRB24	12352	11080	19476	909	Çukurca
Cumayeri	 	TR.DU.CU	TR.DU	TR423	12805	13348	11963	52	Cumayeri
Çumra	 	TR.KO.CU	TR.KO	TR521	64247	104576	75192	2218	Çumra
Çüngüş	 	TR.DY.CU	TR.DY	TRC22	13971	15521	17067	470	Çüngüş
Daday	 	TR.KS.DA	TR.KS	TR821	10160	11181	14486	998	Daday
Dalaman	 	TR.MG.DL	TR.MG	TR323	31318	28148	26408	622	Dalaman
Damal	 	TR.AR.DA	TR.AR	TRA24	7606	8677	10202	329	Damal
Darende	 	TR.ML.DA	TR.ML	TRB11	33514	54438	49260	1363	Darende
Dargeçit	 	TR.MR.DA	TR.MR	TRC31	26988	27611	28744	539	Dargeçit
Datça	 	TR.MG.DT	TR.MG	TR323	14836	13914	10741	476	Datça
Dazkırı	 	TR.AF.DA	TR.AF	TR332	11165	15620	16258	392	Dazkırı
Delice	 	TR.KK.DE	TR.KK	TR711	11035	31042	28384	801	Delice
Demirci	 	TR.MN.DE	TR.MN	TR331	51958	59314	60184	1473	Demirci
Demirköy	 	TR.KL.DE	TR.KL	TR213	9128	11407	12946	877	Demirköy
Demirözü	 	TR.BB.DE	TR.BB	TRA13	9570	13477	13319	611	Demirözü
Derbent	 	TR.KO.DB	TR.KO	TR521	5819	14372	15796	333	Derbent
Derebucak	 	TR.KO.DE	TR.KO	TR521	9740	19053	16067	479	Derebucak
Dereli	 	TR.GI.DE	TR.GI	TR903	22902	27860	34141	845	Dereli
Derepazarı	 	TR.RI.DE	TR.RI	TR904	7651	10239	10381	23	Derepazarı
Derik	 	TR.MR.DE	TR.MR	TRC31	58151	55278	45860	1323	Derik
Derince	 	TR.KC.DE	TR.KC	TR421	117303	97283	69483	223	Derince
Derinkuyu	 	TR.NV.DE	TR.NV	TR714	21880	24631	20043	445	Derinkuyu
Dernekpazarı	 	TR.TB.DE	TR.TB	TR901	3581	8127	7270	82	Dernekpazarı
Develi	 	TR.KY.DE	TR.KY	TR721	65695	70893	72825	1898	Develi
Devrek	 	TR.ZO.DE	TR.ZO	TR811	62790	66518	79028	935	Devrek
Devrekani	 	TR.KS.DE	TR.KS	TR821	13742	15855	17399	599	Devrekani
Dicle	 	TR.DY.DI	TR.DY	TRC22	44610	39861	35980	705	Dicle
Didim	Yenihisar	TR.AY.DI	TR.AY	TR321	42266	37395	21233	333	Didim
Digor	 	TR.KA.DI	TR.KA	TRA22	26925	25125	27759	1164	Digor
Dikili	 	TR.IZ.DI	TR.IZ	TR31	27348	30115	23219	510	Dikili
Dikmen	 	TR.SP.DI	TR.SP	TR823	7037	9475	13904	529	Dikmen
Dinar	 	TR.AF.DI	TR.AF	TR332	50311	88304	90952	1361	Dinar
Divriği	 	TR.SV.DI	TR.SV	TR722	17176	23313	32719	2724	Divriği
Diyadin	 	TR.AG.DI	TR.AG	TRA21	45937	40768	38413	1291	Diyadin
Dodurga	 	TR.CM.DO	TR.CM	TR833	8292	10439	13550	218	Dodurga
Doğanhisar	 	TR.KO.DO	TR.KO	TR521	22510	36162	34078	437	Doğanhisar
Doğankent	 	TR.GI.DO	TR.GI	TR903	6881	7477	8266	123	Doğankent
Doğanşar	 	TR.SV.DO	TR.SV	TR722	3346	6314	8210	198	Doğanşar
Doğanşehir	 	TR.ML.DS	TR.ML	TRB11	40688	60708	48196	1240	Doğanşehir
Doğanyol	 	TR.ML.DY	TR.ML	TRB11	5026	10778	9915	295	Doğanyol
Doğanyurt	 	TR.KS.DO	TR.KS	TR821	8940	9668	11327	254	Doğanyurt
Doğubeyazıt	 	TR.AG.DO	TR.AG	TRA21	111299	105754	89171	2416	Doğubeyazıt
Domaniç	 	TR.KU.DO	TR.KU	TR333	17860	19560	21949	536	Domaniç
Dörtdivan	 	TR.BL.DO	TR.BL	TR424	7108	9528	13499	384	Dörtdivan
Dörtyol	 	TR.HT.DO	TR.HT	TR631	140517	126258	111368	600	Dörtyol
Dumlupınar	 	TR.KU.DU	TR.KU	TR333	3277	5494	6840	276	Dumlupınar
Durağan	 	TR.SP.DU	TR.SP	TR823	22854	28792	34131	1036	Durağan
Dursunbey	 	TR.BK.DU	TR.BK	TR221	46938	47429	52230	1948	Dursunbey
Düziçi	 	TR.OS.DU	TR.OS	TR633	75617	83709	67155	538	Düziçi
Düzköy	 	TR.TB.DU	TR.TB	TR901	16150	24892	20038	88	Düzköy
Eceabat	 	TR.CK.EC	TR.CK	TR222	9493	9929	9671	468	Eceabat
Edremit	 	TR.BK.ED	TR.BK	TR221	107620	93351	63430	731	Edremit
Edremit	 	TR.VA.ED	TR.VA	TRB21	24228	18005	14113	270	Edremit
Eflani	 	TR.KB.EF	TR.KB	TR812	9592	12270	17671	587	Eflani
Eğil	 	TR.DY.EG	TR.DY	TRC22	23608	21631	20251	499	Eğil
Eğirdir	 	TR.IP.EG	TR.IP	TR612	39064	40996	41266	1520	Eğirdir
Ekinözü	 	TR.KM.EK	TR.KM	TR632	15684	17102	20246	596	Ekinözü
Elbeyli	 	TR.KI.EL	TR.KI	TRC13	6714	7992	8446	205	Elbeyli
Elbistan	 	TR.KM.EL	TR.KM	TR632	129379	128267	113411	2319	Elbistan
Eldivan	 	TR.CI.EL	TR.CI	TR822	5711	9301	9707	341	Eldivan
Eleşkirt	 	TR.AG.EL	TR.AG	TRA21	40867	48892	41748	1545	Eleşkirt
Elmadağ	 	TR.AN.EL	TR.AN	TR51	48013	43374	38032	568	Elmadağ
Elmalı	 	TR.AL.EL	TR.AL	TR611	36213	40041	35324	1647	Elmalı
Emet	 	TR.KU.EM	TR.KU	TR333	24437	45994	38470	1096	Emet
Eminönü	İstanbul	TR.IB.EM	TR.IB	TR1	32557	55635	83444	8	
Emirdağ	 	TR.AF.EM	TR.AF	TR332	46199	47396	55638	2048	Emirdağ
Emirgazi	 	TR.KO.EM	TR.KO	TR521	10739	14698	15348	629	Emirgazi
Enez	 	TR.ED.EN	TR.ED	TR212	10714	11929	12700	438	Enez
Erbaa	 	TR.TT.ER	TR.TT	TR832	95658	100586	99596	1179	Erbaa
Erciş	 	TR.VA.ER	TR.VA	TRB21	152201	147421	99754	1876	Erciş
Erdek	 	TR.BK.ER	TR.BK	TR221	33187	32020	26547	333	Erdek
Erdemli	 	TR.IC.ER	TR.IC	TR622	126745	142355	100563	2039	Erdemli
Ereğli	 	TR.KO.ER	TR.KO	TR521	134438	126117	116847	2560	Ereğli
Ereğli	 	TR.ZO.ER	TR.ZO	TR811	170371	159808	152710	976	Ereğli
Erfelek	 	TR.SP.ER	TR.SP	TR823	11849	13812	19788	339	Erfelek
Ergani	 	TR.DY.ER	TR.DY	TRC22	109678	87467	78603	1468	Ergani
Ermenek	 	TR.KR.ER	TR.KR	TR522	31182	42643	39231	1499	Ermenek
Eruh	 	TR.SI.ER	TR.SI	TRC34	19447	15455	27309	1363	Eruh
Erzin	 	TR.HT.ER	TR.HT	TR631	38918	33988	29160	358	Erzin
Esenler	İstanbul	TR.IB.ES	TR.IB	TR1	517235	380709	223826	39	
Eskil	 	TR.AK.ES	TR.AK	TR712	26286	28952	22110	1369	Eskil
Eskipazar	 	TR.KB.ES	TR.KB	TR812	13217	16365	22686	740	Eskipazar
Eşme	 	TR.US.ES	TR.US	TR334	36732	38869	39658	1362	Eşme
Espiye	 	TR.GI.ES	TR.GI	TR903	31075	30567	29994	161	Espiye
Etimesgut	Ankara	TR.AN.ET	TR.AN	TR51	289601	171293	70800	49	Etimesgut
Evciler	 	TR.AF.EV	TR.AF	TR332	8609	9486	10375	141	Evciler
Evren	 	TR.AN.EV	TR.AN	TR51	4027	6167	6928	180	Evren
Eynesil	 	TR.GI.EY	TR.GI	TR903	14244	21110	16692	72	Eynesil
Eyüp	İstanbul	TR.IB.EY	TR.IB	TR1	325532	255912	211986	224	
Ezine	 	TR.CK.EZ	TR.CK	TR222	34336	35301	34234	654	Ezine
Fatih	İstanbul	TR.IB.FA	TR.IB	TR1	422941	403508	462464	13	
Fatsa	 	TR.OR.FA	TR.OR	TR902	96135	120774	96703	300	Fatsa
Feke	 	TR.AA.FE	TR.AA	TR621	19489	21346	22571	1227	Feke
Felahiye	 	TR.KY.FE	TR.KY	TR721	6938	16650	17723	412	Felahiye
Ferizli	 	TR.SK.FE	TR.SK	TR422	23491	24383	19592	135	Ferizli
Fethiye	 	TR.MG.FE	TR.MG	TR323	173426	154209	127620	2955	Fethiye
Fındıklı	 	TR.RI.FI	TR.RI	TR904	15556	16740	16129	395	Fındıklı
Finike	 	TR.AL.FI	TR.AL	TR611	45296	42087	34576	653	Finike
Foça	 	TR.IZ.FO	TR.IZ	TR31	30549	36107	25222	204	Foça
Gaziemir	İzmir	TR.IZ.GA	TR.IZ	TR31	109291	87692	44089	63	
Gaziosmanpaşa	İstanbul	TR.IB.GA	TR.IB	TR1	1013048	752389	393667	217	
Gazipaşa	 	TR.AL.GP	TR.AL	TR611	47699	44541	40840	921	Gazipaşa
Gebze	 	TR.KC.GE	TR.KC	TR421	521291	421932	257076	584	Gebze
Gediz	 	TR.KU.GE	TR.KU	TR333	54259	77483	66675	1442	Gediz
Gelendost	 	TR.IP.GE	TR.IP	TR612	17481	22370	22739	647	Gelendost
Gelibolu	 	TR.CK.GE	TR.CK	TR222	47252	46226	40020	825	Gelibolu
Gemerek	 	TR.SV.GE	TR.SV	TR722	27835	54692	48176	1111	Gemerek
Gemlik	 	TR.BU.GE	TR.BU	TR411	98085	88472	72177	376	Gemlik
Genç	 	TR.BG.GE	TR.BG	TRB13	35267	45994	42263	1712	Genç
Gercüş	 	TR.BM.GE	TR.BM	TRC32	25549	31994	33890	826	Gercüş
Gerede	 	TR.BL.GE	TR.BL	TR424	34444	41391	41274	1260	Gerede
Gerger	 	TR.AD.GE	TR.AD	TRC12	25811	27208	32587	702	Gerger
Germencik	 	TR.AY.GE	TR.AY	TR321	43803	45821	45907	407	Germencik
Gerze	 	TR.SP.GE	TR.SP	TR823	19847	23295	29183	566	Gerze
Gevaş	 	TR.VA.GE	TR.VA	TRB21	29783	29557	31995	968	Gevaş
Geyve	 	TR.SK.GE	TR.SK	TR422	45923	44907	41263	727	Geyve
Gökçeada	 	TR.CK.GO	TR.CK	TR222	8672	8875	7948	287	Gökçeada
Gökçebey	 	TR.ZO.GO	TR.ZO	TR811	23585	25588	25538	189	Gökçebey
Göksun	 	TR.KM.GO	TR.KM	TR632	54553	76033	72539	1940	Göksun
Gölbaşı	 	TR.AD.GO	TR.AD	TRC12	47284	52988	55358	821	Gölbaşı
Gölbaşı	Ankara	TR.AN.GO	TR.AN	TR51	73670	62602	43522	738	Gölbaşı
Gölcük	 	TR.KC.GO	TR.KC	TR421	131992	107615	111408	207	Gölcük
Göle	 	TR.AR.GO	TR.AR	TRA24	32134	37814	44284	1400	Göle
Gölhisar	 	TR.BD.GO	TR.BD	TR613	21242	21287	20913	213	Gölhisar
Gölköy	 	TR.OR.GO	TR.OR	TR902	35642	66491	54734	415	Gölköy
Gölmarmara	 	TR.MN.GM	TR.MN	TR331	16087	17831	18524	288	Gölmarmara
Gölova	 	TR.SV.GO	TR.SV	TR722	3267	6272	6699	333	Gölova
Gölpazarı	 	TR.BC.GO	TR.BC	TR413	11860	13617	15230	592	Gölpazarı
Gölyaka	 	TR.DU.GO	TR.DU	TR423	19637	19612	19775	227	Gölyaka
Gömeç	 	TR.BK.GM	TR.BK	TR221	11105	10983	10092	223	Gömeç
Gönen	 	TR.BK.GN	TR.BK	TR221	72920	71804	67599	1118	Gönen
Gönen	 	TR.IP.GO	TR.IP	TR612	7775	16894	11103	190	Gönen
Gördes	 	TR.MN.GR	TR.MN	TR331	33171	38110	40399	947	Gördes
Görele	 	TR.GI.GO	TR.GI	TR903	28357	52420	46771	179	Görele
Göynücek	 	TR.AM.GO	TR.AM	TR834	13425	17614	20110	578	Göynücek
Göynük	 	TR.BL.GO	TR.BL	TR424	16609	18589	19805	1505	Göynük
Güce	 	TR.GI.GU	TR.GI	TR903	8754	8679	9454	408	Güce
Güçlükonak	 	TR.SR.GU	TR.SR	TRC33	9958	10300	12878	436	Güçlükonak
Güdül	 	TR.AN.GU	TR.AN	TR51	10676	20938	18698	384	Güdül
Gülağaç	 	TR.AK.GL	TR.AK	TR712	21906	26874	23275	286	Gülağaç
Gülnar	 	TR.IC.GU	TR.IC	TR622	33785	38292	33854	1563	Gülnar
Gülşehir	 	TR.NV.GU	TR.NV	TR714	26051	31664	34526	956	Gülşehir
Gülyalı	 	TR.OR.GL	TR.OR	TR902	8165	10566	10150	73	Gülyalı
Gümüşhacıköy	 	TR.AM.GU	TR.AM	TR834	25632	29795	35982	654	Gümüşhacıköy
Gümüşova	 	TR.DU.GU	TR.DU	TR423	14527	18043	14536	189	Gümüşova
Gündoğmuş	 	TR.AL.GU	TR.AL	TR611	9446	21513	20119	1343	Gündoğmuş
Güney	 	TR.DN.GU	TR.DN	TR322	12422	13718	15799	533	Güney
Güneysınır	 	TR.KO.GU	TR.KO	TR521	11286	24301	17169	322	Güneysınır
Güneysu	 	TR.RI.GU	TR.RI	TR904	12616	16522	19358	89	Güneysu
Güngören	İstanbul	TR.IB.GU	TR.IB	TR1	318545	272950	213109	8	
Günyüzü	 	TR.ES.GU	TR.ES	TR412	8135	16508	14683	1396	Günyüzü
Gürgentepe	 	TR.OR.GT	TR.OR	TR902	20098	36860	37674	143	Gürgentepe
Güroymak	 	TR.BT.GU	TR.BT	TRB23	42385	48118	37030	525	Güroymak
Gürpınar	 	TR.VA.GU	TR.VA	TRB21	42629	37226	42947	4130	Gürpınar
Gürsu	 	TR.BU.GU	TR.BU	TR411	50039	28087	18681	110	Gürsu
Gürün	 	TR.SV.GU	TR.SV	TR722	21788	26742	30602	2717	Gürün
Güzelbahçe	İzmir	TR.IZ.GU	TR.IZ	TR31	19255	18190	14269	117	
Güzelyurt	 	TR.AK.GY	TR.AK	TR712	14188	16836	17182	322	Güzelyurt
Hacıbektaş	 	TR.NV.HA	TR.NV	TR714	12205	18933	20811	697	Hacıbektaş
Hacılar	 	TR.KY.HA	TR.KY	TR721	11905	20896	17666	194	Hacılar
Hadım	 	TR.KO.HD	TR.KO	TR521	16490	59941	35898	771	Hadım
Hafik	 	TR.SV.HA	TR.SV	TR722	9519	19213	27321	2404	Hafik
Halfeti	 	TR.SU.HF	TR.SU	TRC21	40800	34402	36058	643	Halfeti
Halkapınar	 	TR.KO.HK	TR.KO	TR521	5356	6255	7101	1054	Halkapınar
Hamamözü	 	TR.AM.HA	TR.AM	TR834	5264	6161	8170	201	Hamamözü
Hamur	 	TR.AG.HA	TR.AG	TRA21	22770	22052	22344	916	Hamur
Han	 	TR.ES.HA	TR.ES	TR412	2526	3681	4521	250	Han
Hanak	 	TR.AR.HA	TR.AR	TRA24	10656	14873	19431	547	Hanak
Hani	 	TR.DY.HN	TR.DY	TRC22	31509	31794	28703	413	Hani
Hanönü	 	TR.KS.HA	TR.KS	TR821	4487	5545	6438	359	Hanönü
Harmancık	 	TR.BU.HA	TR.BU	TR411	8340	10017	12225	410	Harmancık
Harran	 	TR.SU.HR	TR.SU	TRC21	58734	56258	29592	1054	Harran
Hasanbeyli	 	TR.OS.HA	TR.OS	TR633	5462	7101	5034	122	Hasanbeyli
Hasankeyf	 	TR.BM.HA	TR.BM	TRC32	7207	7493	10254	530	Hasankeyf
Hasköy	 	TR.MS.HA	TR.MS	TRB22	32385	39915	25014	379	Hasköy
Hassa	 	TR.HT.HA	TR.HT	TR631	54020	49994	47131	514	Hassa
Havran	 	TR.BK.HA	TR.BK	TR221	27711	26782	25711	543	Havran
Havsa	 	TR.ED.HA	TR.ED	TR212	21533	24027	27900	589	Havsa
Havza	 	TR.SS.HA	TR.SS	TR831	48615	53512	62504	771	Havza
Haymana	 	TR.AN.HA	TR.AN	TR51	39310	54087	55527	2984	Haymana
Hayrabolu	 	TR.TG.HA	TR.TG	TR211	36942	40130	45640	1037	Hayrabolu
Hayrat	 	TR.TB.HA	TR.TB	TR901	8142	21308	17414	337	Hayrat
Hazro	 	TR.DY.HR	TR.DY	TRC22	18386	18755	23971	425	Hazro
Hekimhan	 	TR.ML.HE	TR.ML	TRB11	23739	42515	42541	1898	Hekimhan
Hemşin	 	TR.RI.HE	TR.RI	TR904	2342	4435	5102	176	Hemşin
Hendek	 	TR.SK.HE	TR.SK	TR422	74890	63703	60268	585	Hendek
Hilvan	 	TR.SU.HI	TR.SU	TRC21	40690	38411	33010	1296	Hilvan
Hınıs	 	TR.EM.HI	TR.EM	TRA11	32059	49892	45514	1360	Hınıs
Hisarcık	 	TR.KU.HI	TR.KU	TR333	14807	20902	16120	373	Hisarcık
Hizan	 	TR.BT.HI	TR.BT	TRB23	39949	42953	43790	971	Hizan
Hocalar	 	TR.AF.HO	TR.AF	TR332	11683	12824	12525	556	Hocalar
Honaz	 	TR.DN.HO	TR.DN	TR322	28941	24533	22948	497	Honaz
Hopa	 	TR.AV.HO	TR.AV	TR905	32209	32584	30862	213	Hopa
Horasan	 	TR.EM.HO	TR.EM	TRA11	45241	45587	49677	1662	Horasan
Hozat	 	TR.TC.HO	TR.TC	TRB14	7823	9143	11643	777	Hozat
Hüyük	 	TR.KO.HU	TR.KO	TR521	19148	52110	34028	549	Hüyük
İbradi	 	TR.AL.IB	TR.AL	TR611	4693	10826	8052	1267	İbradi
İdil	 	TR.SR.ID	TR.SR	TRC33	67630	59993	44064	1266	İdil
İhsangazi	 	TR.KS.IH	TR.KS	TR821	6294	7068	8978	384	İhsangazi
İhsaniye	 	TR.AF.IH	TR.AF	TR332	30550	33220	29767	889	İhsaniye
İkizce	 	TR.OR.IK	TR.OR	TR902	19301	30362	27663	78	İkizce
İkizdere	 	TR.RI.IK	TR.RI	TR904	6034	10710	15295	954	İkizdere
Ilgaz	 	TR.CI.IL	TR.CI	TR822	13517	27953	23281	784	Ilgaz
Ilgın	 	TR.KO.IL	TR.KO	TR521	61814	75681	75890	1708	Ilgın
İliç	 	TR.EN.IL	TR.EN	TRA12	6075	7691	11061	1360	İliç
Ilıca	 	TR.EM.IL	TR.EM	TRA11	26698	30252	35858	1678	Ilıca
İmamoğlu	 	TR.AA.IM	TR.AA	TR621	31629	44016	36567	283	İmamoğlu
İmranlı	 	TR.SV.IM	TR.SV	TR722	7532	13883	21649	1217	İmranlı
İncesu	 	TR.KY.IN	TR.KY	TR721	20489	22616	21923	872	İncesu
İncirliova	 	TR.AY.IN	TR.AY	TR321	41566	40733	35242	214	İncirliova
İnebolu	 	TR.KS.IN	TR.KS	TR821	24699	26848	29861	302	İnebolu
İnegöl	 	TR.BU.IN	TR.BU	TR411	208314	186558	126214	1031	İnegöl
İnhisar	 	TR.BC.IN	TR.BC	TR413	3885	6661	7270	341	İnhisar
İnönü	 	TR.ES.IN	TR.ES	TR412	7583	9331	9377	341	İnönü
İpsala	 	TR.ED.IP	TR.ED	TR212	30240	33564	36122	653	İpsala
İscehisar	 	TR.AF.IS	TR.AF	TR332	24114	21978	21899	500	İscehisar
İskenderun	 	TR.HT.IS	TR.HT	TR631	306594	287384	259475	637	İskenderun
İskilip	 	TR.CM.IS	TR.CM	TR833	42476	45327	52569	1067	İskilip
İslahiye	 	TR.GA.IS	TR.GA	TRC11	66083	79011	72871	818	İslahiye
İspir	 	TR.EM.IS	TR.EM	TRA11	18381	29337	34172	2012	İspir
İvrindi	 	TR.BK.IV	TR.BK	TR221	39542	37891	37181	761	İvrindi
İyidere	 	TR.RI.IY	TR.RI	TR904	8663	10074	11445	23	İyidere
İznik	 	TR.BU.IZ	TR.BU	TR411	44514	44770	41942	737	İznik
Kabadüz	 	TR.OR.KD	TR.OR	TR902	6511	11049	12537	352	Kabadüz
Kabataş	 	TR.OR.KT	TR.OR	TR902	14385	20644	21335	75	Kabataş
Kadıköy	İstanbul	TR.IB.KD	TR.IB	TR1	744670	663299	648282	40	
Kadınhanı	 	TR.KO.KD	TR.KO	TR521	35483	41844	45168	1127	Kadınhanı
Kadirli	 	TR.OS.KA	TR.OS	TR633	111455	102417	96881	1075	Kadirli
Kadışehri	 	TR.YZ.KA	TR.YZ	TR723	17976	23317	22366	508	Kadışehri
Kağıthane	İstanbul	TR.IB.KG	TR.IB	TR1	418229	345239	269042	15	
Kağızman	 	TR.KA.KG	TR.KA	TRA22	50585	48908	49129	1797	Kağızman
Kahta	 	TR.AD.KA	TR.AD	TRC12	115658	114994	94928	1359	Kahta
Kale	 	TR.AL.KL	TR.AL	TR611	24809	22170	20880	374	Kale
Kale	 	TR.DN.KA	TR.DN	TR322	22542	21390	19518	680	Kale
Kale	 	TR.ML.KA	TR.ML	TRB11	6286	9569	9248	193	Kale
Kalecik	 	TR.AN.KC	TR.AN	TR51	17007	24738	22989	1340	Kalecik
Kalkandere	 	TR.RI.KA	TR.RI	TR904	12712	19131	21978	116	Kalkandere
Kaman	 	TR.KH.KA	TR.KH	TR715	44801	60919	61569	1253	Kaman
Kandıra	 	TR.KC.KD	TR.KC	TR421	47322	52418	49975	921	Kandıra
Kangal	 	TR.SV.KA	TR.SV	TR722	27887	37049	45153	3691	Kangal
Karaburun	 	TR.IZ.KB	TR.IZ	TR31	8040	13446	9020	484	Karaburun
Karacabey	 	TR.BU.KA	TR.BU	TR411	79115	76887	71938	1297	Karacabey
Karacasu	 	TR.AY.KC	TR.AY	TR321	21447	21980	22801	790	Karacasu
Karaçoban	 	TR.EM.KC	TR.EM	TRA11	25999	29503	24624	552	Karaçoban
Karahallı	 	TR.US.KA	TR.US	TR334	12614	14423	18609	337	Karahallı
Karaisali	 	TR.AA.KS	TR.AA	TR621	28740	35129	37326	1527	Karaisali
Karakeçili	 	TR.KK.KA	TR.KK	TR711	3835	8296	7254	170	Karakeçili
Karakoçan	 	TR.EG.KA	TR.EG	TRB12	30020	45023	43523	1083	Karakoçan
Karakoyunlu	 	TR.IG.KA	TR.IG	TRA23	14597	18285	16426	194	Karakoyunlu
Karamanlı	 	TR.BD.KA	TR.BD	TR613	7821	8152	8832	368	Karamanlı
Karamürsel	 	TR.KC.KM	TR.KC	TR421	48831	48508	40147	289	Karamürsel
Karapınar	 	TR.KO.KP	TR.KO	TR521	48821	55734	44254	2116	Karapınar
Karapürçek	 	TR.SK.KP	TR.SK	TR422	12250	11073	9286	171	Karapürçek
Karasu	 	TR.SK.KR	TR.SK	TR422	51596	54630	44815	482	Karasu
Karataş	 	TR.AA.KT	TR.AA	TR621	21485	26920	26450	907	Karataş
Karatay	Konya	TR.KO.KK	TR.KO	TR521	248826	214589	169001	2612	
Karayazı	 	TR.EM.KR	TR.EM	TRA11	34332	35414	37282	2594	Karayazı
Kargı	 	TR.CM.KA	TR.CM	TR833	17050	20388	26762	1394	Kargı
Karkamış	 	TR.GA.KA	TR.GA	TRC11	11581	13774	15245	310	Karkamış
Karlıova	 	TR.BG.KA	TR.BG	TRB13	32147	32421	34956	1311	Karlıova
Karpuzlu	 	TR.AY.KP	TR.AY	TR321	12836	13207	14248	253	Karpuzlu
Karşıyaka	İzmir	TR.IZ.KA	TR.IZ	TR31	515184	438764	345734	66	
Kartal	İstanbul	TR.IB.KT	TR.IB	TR1	541209	407865	273572	34	
Kaş	 	TR.AL.KS	TR.AL	TR611	49629	47519	40245	1867	Kaş
Kavak	 	TR.SS.KA	TR.SS	TR831	21854	27371	32949	699	Kavak
Kavaklıdere	 	TR.MG.KA	TR.MG	TR323	11153	12548	12037	318	Kavaklıdere
Kaynarca	 	TR.SK.KN	TR.SK	TR422	23366	24339	24087	363	Kaynarca
Kaynaşlı	 	TR.DU.KA	TR.DU	TR423	20888	21639	18308	205	Kaynaşlı
Kazan	 	TR.AN.KN	TR.AN	TR51	36147	29692	22714	408	Kazan
Kazımkarabekir	 	TR.KR.KA	TR.KR	TR522	4349	5442	7041	981	Kazımkarabekir
Keban	 	TR.EG.KE	TR.EG	TRB12	6925	9562	10803	510	Keban
Keçiborlu	 	TR.IP.KE	TR.IP	TR612	16131	23120	19766	536	Keçiborlu
Keçiören	Ankara	TR.AN.KE	TR.AN	TR51	843535	672817	536051	190	Keçiören
Keles	 	TR.BU.KL	TR.BU	TR411	15959	18613	21675	657	Keles
Kelkit	 	TR.GU.KE	TR.GU	TR906	41664	63510	47482	1438	Kelkit
Kemah	 	TR.EN.KH	TR.EN	TRA12	6855	9304	13675	2298	Kemah
Kemaliye	 	TR.EN.KL	TR.EN	TRA12	5231	7736	9025	1094	Kemaliye
Kemalpaşa	 	TR.IZ.KP	TR.IZ	TR31	81777	73114	56075	655	Kemalpaşa
Kemer	 	TR.AL.KE	TR.AL	TR611	33153	55092	23268	468	Kemer
Kemer	 	TR.BD.KE	TR.BD	TR613	4273	4714	5059	513	Kemer
Kepsut	 	TR.BK.KE	TR.BK	TR221	26015	28022	30138	908	Kepsut
Keşan	 	TR.ED.KE	TR.ED	TR212	77442	77637	71133	1187	Keşan
Keşap	 	TR.GI.KE	TR.GI	TR903	20244	22468	26126	221	Keşap
Keskin	 	TR.KK.KE	TR.KK	TR711	21371	59150	43111	1129	Keskin
Kestel	 	TR.BU.KT	TR.BU	TR411	44456	44102	31710	431	Kestel
Kıbrıscık	 	TR.BL.KI	TR.BL	TR424	3932	5534	6716	653	Kıbrıscık
Kiğı	 	TR.BG.KI	TR.BG	TRB13	5159	6780	11438	368	Kiğı
Kınık	 	TR.IZ.KI	TR.IZ	TR31	27938	32109	37617	446	Kınık
Kiraz	 	TR.IZ.KR	TR.IZ	TR31	45072	44910	41247	572	Kiraz
Kırıkhan	 	TR.HT.KI	TR.HT	TR631	99866	98530	103075	843	Kırıkhan
Kırkağaç	 	TR.MN.KI	TR.MN	TR331	50903	48303	45608	549	Kırkağaç
Kızılcahamam	 	TR.AN.KI	TR.AN	TR51	25288	33623	34008	1761	Kızılcahamam
Kızılırmak	 	TR.CI.KI	TR.CI	TR822	8823	11271	14878	434	Kızılırmak
Kızılören	 	TR.AF.KI	TR.AF	TR332	2889	4132	5629	228	Kızılören
Kızıltepe	 	TR.MR.KI	TR.MR	TRC31	198672	183475	130762	1416	Kızıltepe
Kocaali	 	TR.SK.KO	TR.SK	TR422	24521	30676	28405	315	Kocaali
Kocaköy	 	TR.DY.KO	TR.DY	TRC22	15705	13069	12985	151	Kocaköy
Koçarlı	 	TR.AY.KO	TR.AY	TR321	27221	37167	39103	467	Koçarlı
Kocasinan	Kayseri	TR.KY.KK	TR.KY	TR721	365614	321032	284803	1452	Kayseri
Kofçaz	 	TR.KL.KO	TR.KL	TR213	3288	4166	5004	464	Kofçaz
Konak	İzmir	TR.IZ.KO	TR.IZ	TR31	848226	782309	721570	69	
Köprübaşı	 	TR.MN.KO	TR.MN	TR331	9851	10851	12182	318	Köprübaşı
Köprübaşı	 	TR.TB.KO	TR.TB	TR901	5866	10827	12678	244	Köprübaşı
Köprüköy	 	TR.EM.KO	TR.EM	TRA11	18909	21310	25517	465	Köprüköy
Körfez	 	TR.KC.KO	TR.KC	TR421	123289	105295	84492	356	Körfez
Korgan	 	TR.OR.KO	TR.OR	TR902	33755	41628	36699	233	Korgan
Korgun	 	TR.CI.KO	TR.CI	TR822	3613	8911	7233	557	Korgun
Korkut	 	TR.MS.KO	TR.MS	TRB22	26064	32416	25391	503	Korkut
Korkuteli	 	TR.AL.KO	TR.AL	TR611	48159	51580	46115	2536	Korkuteli
Köse	 	TR.GU.KO	TR.GU	TR906	7270	19428	14893	471	Köse
Köşk	 	TR.AY.KK	TR.AY	TR321	27039	25321	22843	146	Köşk
Kovancılar	 	TR.EG.KO	TR.EG	TRB12	37742	46390	37856	962	Kovancılar
Köyceğiz	 	TR.MG.KO	TR.MG	TR323	32395	29196	25836	1655	Köyceğiz
Koyulhisar	 	TR.SV.KO	TR.SV	TR722	13190	24934	21644	1042	Koyulhisar
Kozaklı	 	TR.NV.KO	TR.NV	TR714	16364	23629	25932	706	Kozaklı
Kozan	 	TR.AA.KZ	TR.AA	TR621	123980	130875	115145	1873	Kozan
Kozluk	 	TR.BM.KO	TR.BM	TRC32	60888	74635	64427	1119	Kozluk
Küçükçekmece	İstanbul	TR.IB.KU	TR.IB	TR1	785392	594524	352926	124	
Kula	 	TR.MN.KU	TR.MN	TR331	48034	52986	48132	918	Kula
Kulp	 	TR.DY.KU	TR.DY	TRC22	35464	40454	50482	1610	Kulp
Kulu	 	TR.KO.KU	TR.KO	TR521	46366	72279	56712	1609	Kulu
Kuluncak	 	TR.ML.KU	TR.ML	TRB11	9099	20882	13746	681	Kuluncak
Kumlu	 	TR.HT.KU	TR.HT	TR631	13210	16070	14656	223	Kumlu
Kumluca	 	TR.AL.KU	TR.AL	TR611	65904	61370	44834	1228	Kumluca
Kumru	 	TR.OR.KU	TR.OR	TR902	32976	44307	39593	363	Kumru
Küre	 	TR.KS.KU	TR.KS	TR821	7766	10223	13132	541	Küre
Kurşunlu	 	TR.CI.KU	TR.CI	TR822	8580	26218	25145	477	Kurşunlu
Kurtalan	 	TR.SI.KU	TR.SI	TRC34	55076	53521	47035	817	Kurtalan
Kürtün	 	TR.GU.KU	TR.GU	TR906	12394	15546	15362	732	Kürtün
Kurucaşile	 	TR.BR.KU	TR.BR	TR813	7593	8742	11435	167	Kurucaşile
Kuşadası	 	TR.AY.KD	TR.AY	TR321	73543	65765	43636	225	Kuşadası
Kuyucak	 	TR.AY.KY	TR.AY	TR321	30534	31094	32583	497	Kuyucak
Laçin	 	TR.CM.LA	TR.CM	TR833	7058	9425	11960	262	Laçin
Ladik	 	TR.SS.LA	TR.SS	TR831	18394	22041	26757	465	Ladik
Lalapaşa	 	TR.ED.LA	TR.ED	TR212	8406	10154	11297	463	Lalapaşa
Lapseki	 	TR.CK.LA	TR.CK	TR222	27204	26034	24545	882	Lapseki
Lice	 	TR.DY.LI	TR.DY	TRC22	30560	24877	47088	1026	Lice
Lüleburgaz	 	TR.KL.LU	TR.KL	TR213	130375	117606	93060	1018	Lüleburgaz
Maçka	 	TR.TB.MA	TR.TB	TR901	24832	42557	42324	968	Maçka
Maden	 	TR.EG.MA	TR.EG	TRB12	15822	21699	27281	810	Maden
Mahmudiye	 	TR.ES.MA	TR.ES	TR412	9144	10132	11267	678	Mahmudiye
Malazgirt	 	TR.MS.MA	TR.MS	TRB22	60263	68990	62851	1527	Malazgirt
Malkara	 	TR.TG.MK	TR.TG	TR211	56484	59125	62524	1178	Malkara
Maltepe	İstanbul	TR.IB.MA	TR.IB	TR1	415117	355384	254256	123	
Mamak	Ankara	TR.AN.MA	TR.AN	TR51	503663	430606	410359	478	Mamak
Manavgat	 	TR.AL.MA	TR.AL	TR611	165114	199385	118897	2249	Manavgat
Manyas	 	TR.BK.MN	TR.BK	TR221	23135	25148	29310	627	Manyas
Marmara	 	TR.BK.MR	TR.BK	TR221	8597	9446	9792	154	Marmara
Marmaraereğlisi	 	TR.TG.ME	TR.TG	TR211	16970	19955	12455	197	Marmaraereğlisi
Marmaris	 	TR.MG.MA	TR.MG	TR323	73461	79302	41840	878	Marmaris
Mazgirt	 	TR.TC.MA	TR.TC	TRB14	10059	12957	21041	674	Mazgirt
Mazıdağı	 	TR.MR.MA	TR.MR	TRC31	31135	27434	30276	855	Mazıdağı
Mecitözü	 	TR.CM.ME	TR.CM	TR833	20689	26064	31246	951	Mecitözü
Melikgazi	Kayseri	TR.KY.KM	TR.KY	TR721	425092	311322	211674	454	
Menderes	 	TR.IZ.MD	TR.IZ	TR31	64065	73002	52934	775	Menderes
Menemen	 	TR.IZ.MN	TR.IZ	TR31	126934	114457	76043	694	Menemen
Mengen	 	TR.BL.ME	TR.BL	TR424	14875	16504	18982	828	Mengen
Meram	Konya	TR.KO.KM	TR.KO	TR521	304696	267878	213664	1680	
Meriç	 	TR.ED.ME	TR.ED	TR212	16959	19052	25896	372	Meriç
Merkez	Adiyaman	TR.AD.AD	TR.AD	TRC12	254505	249530	175647	1679	Adiyaman
Merkez	Afyonkarahisar	TR.AF.AF	TR.AF	TR332	234807	201110	159302	1025	Afyonkarahisar
Merkez	Ağri	TR.AG.AG	TR.AG	TRA21	133592	119743	103797	1497	Ağri
Merkez	Aksaray	TR.AK.AK	TR.AK	TR712	244036	236560	189792	4589	Aksaray
Merkez	Amasya	TR.AM.AM	TR.AM	TR834	132646	133207	123002	1730	Amasya
Merkez	Antalya	TR.AL.AN	TR.AL	TR611	913568	714129	448773	2020	Antalya
Merkez	Ardahan	TR.AR.AR	TR.AR	TRA24	40828	44794	52574	1191	Ardahan
Merkez	Artvin	TR.AV.AV	TR.AV	TR905	32827	34572	34219	1085	Artvin
Merkez	Aydin	TR.AY.AY	TR.AY	TR321	231884	208341	165712	627	Aydin
Merkez	Balikesir	TR.BK.BK	TR.BK	TR221	313630	287709	246329	1454	Balikesir
Merkez	Bartin	TR.BR.BR	TR.BR	TR813	135051	130492	133942	1028	Bartin
Merkez	Batman	TR.BM.BM	TR.BM	TRC32	315964	272787	170334	564	Batman
Merkez	Bayburt	TR.BB.BB	TR.BB	TRA13	59839	71267	81474	2655	Bayburt
Merkez	Bilecik	TR.BC.BC	TR.BC	TR413	63075	52929	43548	840	Bilecik
Merkez	Bingol	TR.BG.BG	TR.BG	TRB13	129885	116411	95445	1790	Bingöl
Merkez	Bitlis	TR.BT.BT	TR.BT	TRB23	61767	65169	68132	1128	Bitlis
Merkez	Bolu	TR.BL.BL	TR.BL	TR424	156498	135009	114022	1524	Bolu
Merkez	Burdur	TR.BD.BD	TR.BD	TR613	95274	90060	84813	1451	Burdur
Merkez	Çanakkale	TR.CK.CK	TR.CK	TR222	115775	104205	81435	938	Çanakkale
Merkez	Çankiri	TR.CI.CI	TR.CI	TR822	80748	78638	67895	1347	Çankiri
Merkez	Çorum	TR.CM.CM	TR.CM	TR833	243600	221699	189748	2277	Çorum
Merkez	Denizli	TR.DN.DN	TR.DN	TR322	494961	400719	280725	799	Denizli
Merkez	Diyarbakir	TR.DY.DY	TR.DY	TRC22	826414	721463	472150	2327	Diyarbakir
Merkez	Düzce	TR.DU.DU	TR.DU	TR423	183395	159690	138560	739	Düzce
Merkez	Edirne	TR.ED.ED	TR.ED	TR212	150717	140830	124361	830	Edirne
Merkez	Elaziğ	TR.EG.EG	TR.EG	TRB12	375715	344698	272812	2211	Elaziğ
Merkez	Erzincan	TR.EN.EN	TR.EN	TRA12	140258	170858	149986	1622	Erzincan
Merkez	Erzurum	TR.EM.EM	TR.EM	TRA11	348156	389619	274540	1340	Erzurum
Merkez	Eskişehir	TR.ES.ES	TR.ES	TR412	595157	519602	447592	2678	Eskişehir
Merkez	Giresun	TR.GI.GI	TR.GI	TR903	113936	112501	102953	296	Giresun
Merkez	Gümüşhane	TR.GU.GU	TR.GU	TR906	37784	46656	47140	1789	Gümüşhane
Merkez	Hakkari	TR.HK.HK	TR.HK	TRB24	77926	77532	53781	2237	Hakkari
Merkez	Hatay	TR.HT.HT	TR.HT	TR631	415310	345320	284195	858	Hatay
Merkez	İçel	TR.IC.IC	TR.IC	TR622	825299	733660	548923	1772	İçel
Merkez	Iğdir	TR.IG.IG	TR.IG	TRA23	119432	102648	79306	1431	Iğdir
Merkez	Isparta	TR.IP.IP	TR.IP	TR612	206186	170713	133061	682	Isparta
Merkez	Karabük	TR.KB.KB	TR.KB	TR812	119084	116804	123361	760	Karabük
Merkez	Karamanmaraş	TR.KM.KM	TR.KM	TR632	500950	465370	359870	3017	Karamanmaraş
Merkez	Karaman	TR.KR.KR	TR.KR	TR522	160179	152450	129410	3686	Karaman
Merkez	Kars	TR.KA.KA	TR.KA	TRA22	110443	114071	121079	1805	Kars
Merkez	Kastamonu	TR.KS.KS	TR.KS	TR821	115332	102059	94279	1834	Kastamonu
Merkez	Kilis	TR.KI.KI	TR.KI	TRC13	92094	87387	101806	575	Kilis
Merkez	Kirikkale	TR.KK.KK	TR.KK	TR711	204083	225005	208381	318	Kirikkale
Merkez	Kirklareli	TR.KL.KL	TR.KL	TR213	83378	80730	77642	1528	Kirklareli
Merkez	Kirşehir	TR.KH.KH	TR.KH	TR715	117164	115078	103688	1678	Kirşehir
Merkez	Kocaeli	TR.KC.KC	TR.KC	TR421	447898	373034	307674	1045	Kocaeli
Merkez	Kütahya	TR.KU.KU	TR.KU	TR333	237570	207905	176184	2484	Kütahya
Merkez	Malatya	TR.ML.ML	TR.ML	TRB11	454272	457566	330206	922	Malatya
Merkez	Manisa	TR.MN.MN	TR.MN	TR331	332346	278555	221694	1232	Manisa
Merkez	Mardin	TR.MR.MR	TR.MR	TRC31	130916	108340	91181	969	Mardin
Merkez	Muğla	TR.MG.MG	TR.MG	TR323	94207	83511	71155	1661	Muğla
Merkez	Muş	TR.MS.MS	TR.MS	TRB22	167978	171023	141651	2604	Muş
Merkez	Nevşehir	TR.NV.NV	TR.NV	TR714	113192	105078	86800	535	Nevşehir
Merkez	Niğde	TR.NG.NG	TR.NG	TR713	188999	177396	147724	2303	Niğde
Merkez	Ordu	TR.OR.OR	TR.OR	TR902	167829	150586	145227	304	Ordu
Merkez	Osmaniye	TR.OS.OS	TR.OS	TR633	210285	207862	159544	747	Osmaniye
Merkez	Rize	TR.RI.RI	TR.RI	TR904	133258	127320	109769	250	Rize
Merkez	Sakarya	TR.SK.SK	TR.SK	TR422	412994	340825	316995	562	Sakarya
Merkez	Samsun	TR.SS.SS	TR.SS	TR831	496334	437189	369285	740	Samsun
Merkez	Şanliurfa	TR.SU.SU	TR.SU	TRC21	638131	534706	377578	3669	Şanliurfa
Merkez	Siirt	TR.SI.SI	TR.SI	TRC34	127881	107313	83492	284	Siirt
Merkez	Sinop	TR.SP.SP	TR.SP	TR823	52667	49839	49844	439	Sinop
Merkez	Şirnak	TR.SR.SR	TR.SR	TRC33	78231	69853	47154	1864	Şirnak
Merkez	Sivas	TR.SV.SV	TR.SV	TR722	335002	299935	276383	2768	Sivas
Merkez	Tekirdağ	TR.TG.TG	TR.TG	TR211	161136	142105	117455	1112	Tekirdağ
Merkez	Tokat	TR.TT.TT	TR.TT	TR832	181262	174700	150771	1923	Tokat
Merkez	Trabzon	TR.TB.TB	TR.TB	TR901	292513	283233	216605	189	Trabzon
Merkez	Tunceli	TR.TC.TC	TR.TC	TRB14	31147	30323	38013	882	Tunceli
Merkez	Uşak	TR.US.US	TR.US	TR334	209033	179458	145505	1309	Uşak
Merkez	Van	TR.VA.VA	TR.VA	TRB21	413907	356494	207870	1938	Van
Merkez	Yalova	TR.YL.YL	TR.YL	TR425	102871	86091	77137	167	Yalova
Merkez	Yozgat	TR.YZ.YZ	TR.YZ	TR723	95275	113614	95357	2054	Yozgat
Merkez	Zonguldak	TR.ZO.ZO	TR.ZO	TR811	215922	218422	249610	633	Zonguldak
Merzifon	 	TR.AM.ME	TR.AM	TR834	69093	67281	67448	972	Merzifon
Mesudiye	 	TR.OR.ME	TR.OR	TR902	12129	28551	22786	1100	Mesudiye
Midyat	 	TR.MR.MI	TR.MR	TRC31	114040	128085	77482	1054	Midyat
Mihalgazi	 	TR.ES.MG	TR.ES	TR412	3476	14029	9059	131	Mihalgazi
Mihalıçcık	 	TR.ES.MK	TR.ES	TR412	11618	18696	23376	1860	Mihalıçcık
Milas	 	TR.MG.MI	TR.MG	TR323	120508	112808	98710	2110	Milas
Mucur	 	TR.KH.MU	TR.KH	TR715	19445	24945	23735	1122	Mucur
Mudanya	 	TR.BU.MD	TR.BU	TR411	62369	53965	38656	334	Mudanya
Mudurnu	 	TR.BL.MU	TR.BL	TR424	21450	25148	26864	1351	Mudurnu
Muradiye	 	TR.VA.MU	TR.VA	TRB21	51336	54692	40040	1049	Muradiye
Muratlı	 	TR.TG.MU	TR.TG	TR211	25962	26681	22952	427	Muratlı
Murgul	 	TR.AV.MU	TR.AV	TR905	6114	8543	11951	336	Murgul
Musabeyli	 	TR.KI.MU	TR.KI	TRC13	14161	13895	14364	427	Musabeyli
Mustafa Kemalpaşa	 	TR.BU.MK	TR.BU	TR411	102000	101531	100410	1762	Mustafa Kemalpaşa
Mut	 	TR.IC.MU	TR.IC	TR622	66356	74373	56303	2518	Mut
Mutki	 	TR.BT.MU	TR.BT	TRB23	34805	39990	38004	1055	Mutki
Nallıhan	 	TR.AN.NA	TR.AN	TR51	31768	40677	36779	1973	Nallıhan
Narlıdere	İzmir	TR.IZ.NA	TR.IZ	TR31	61455	54107	34844	64	
Narman	 	TR.EM.NA	TR.EM	TRA11	18277	27615	25699	903	Narman
Nazilli	 	TR.AY.NA	TR.AY	TR321	140922	145963	121762	663	Nazilli
Nazımiye	 	TR.TC.NA	TR.TC	TRB14	4374	5604	7392	550	Nazımiye
Niksar	 	TR.TT.NI	TR.TT	TR832	64941	90672	83420	918	Niksar
Nilüfer	Bursa	TR.BU.BN	TR.BU	TR411	251344	178682	65799	496	Nilüfer
Nizip	 	TR.GA.NI	TR.GA	TRC11	129432	115043	106516	1046	Nizip
Nurdağı	 	TR.GA.NU	TR.GA	TRC11	35237	38472	30973	798	Nurdağı
Nurhak	 	TR.KM.NU	TR.KM	TR632	14587	17260	14990	1219	Nurhak
Nusaybin	 	TR.MR.NU	TR.MR	TRC31	116465	103863	84135	1169	Nusaybin
Ödemiş	 	TR.IZ.OD	TR.IZ	TR31	128253	128259	124968	1016	Ödemiş
Of	 	TR.TB.OF	TR.TB	TR901	43293	78560	68525	178	Of
Oğuzeli	 	TR.GA.OG	TR.GA	TRC11	26897	33162	34215	681	Oğuzeli
Oğuzlar	 	TR.CM.OG	TR.CM	TR833	7930	9083	11154	302	Oğuzlar
Oltu	 	TR.EM.OT	TR.EM	TRA11	32192	39537	46215	1394	Oltu
Olur	 	TR.EM.OR	TR.EM	TRA11	8812	10871	15497	798	Olur
Ömerli	 	TR.MR.OM	TR.MR	TRC31	15453	14584	21741	400	Ömerli
Ondokuz Mayıs	 	TR.SS.MA	TR.SS	TR831	24740	25820	28236	246	Ondokuz Mayıs
Orhaneli	 	TR.BU.OE	TR.BU	TR411	24798	30449	30015	798	Orhaneli
Orhangazi	 	TR.BU.OG	TR.BU	TR411	73633	68902	56426	603	Orhangazi
Orta	 	TR.CI.OR	TR.CI	TR822	12271	26206	26457	544	Orta
Ortaca	 	TR.MG.OR	TR.MG	TR323	39648	35670	29287	297	Ortaca
Ortaköy	 	TR.CM.OR	TR.CM	TR833	9711	11820	13073	217	Ortaköy
Ortaköy	 	TR.AK.OR	TR.AK	TR712	40477	58873	48675	725	Ortaköy
Osmancık	 	TR.CM.OS	TR.CM	TR833	45730	53758	52490	1116	Osmancık
Osmaneli	 	TR.BC.OS	TR.BC	TR413	21022	21070	18118	510	Osmaneli
Osmangazi	Bursa	TR.BU.BO	TR.BU	TR411	736034	642337	510902	476	Osmangazi
Otlukbeli	 	TR.EN.OT	TR.EN	TRA12	2705	4651	4933	468	Otlukbeli
Ovacık	 	TR.TC.OV	TR.TC	TRB14	7200	8522	15316	1518	Ovacık
Ovacık	 	TR.KB.OV	TR.KB	TR812	3407	5455	7099	402	Ovacık
Özalp	 	TR.VA.OZ	TR.VA	TRB21	72343	59892	46453	1558	Özalp
Özvatan	 	TR.KY.OZ	TR.KY	TR721	4664	10482	11825	320	Özvatan
Palu	 	TR.EG.PA	TR.EG	TRB12	22019	25550	32761	837	Palu
Pamukova	 	TR.SK.PA	TR.SK	TR422	25767	24072	21023	360	Pamukova
Pasinler	 	TR.EM.PL	TR.EM	TRA11	34453	44663	42691	1257	Pasinler
Patnos	 	TR.AG.PA	TR.AG	TRA21	120480	135100	85698	1456	Patnos
Pazar	 	TR.RI.PA	TR.RI	TR904	30764	32215	37241	110	Pazar
Pazar	 	TR.TT.PA	TR.TT	TR832	15361	20295	21199	215	Pazar
Pazarcık	 	TR.KM.PA	TR.KM	TR632	74560	72628	81644	1730	Pazarcık
Pazarlar	 	TR.KU.PA	TR.KU	TR333	7087	12409	9753	159	Pazarlar
Pazaryeri	 	TR.BC.PA	TR.BC	TR413	12283	13296	16112	326	Pazaryeri
Pazaryolu	 	TR.EM.PR	TR.EM	TRA11	5264	9653	9779	747	Pazaryolu
Pehlivanköy	 	TR.KL.PE	TR.KL	TR213	4586	5892	7096	112	Pehlivanköy
Pendik	İstanbul	TR.IB.PE	TR.IB	TR1	520486	389657	200907	150	
Perşembe	 	TR.OR.PE	TR.OR	TR902	34259	37512	44128	237	Perşembe
Pertek	 	TR.TC.PE	TR.TC	TRB14	11869	13199	18475	945	Pertek
Pervari	 	TR.SI.PE	TR.SI	TRC34	32642	28834	26431	1416	Pervari
Pınarbası	 	TR.KS.PI	TR.KS	TR821	5337	5978	8777	513	Pınarbası
Pınarbaşı	 	TR.KY.PI	TR.KY	TR721	30898	35388	47822	3382	Pınarbaşı
Pınarhisar	 	TR.KL.PI	TR.KL	TR213	20338	22729	24296	576	Pınarhisar
Piraziz	 	TR.GI.PI	TR.GI	TR903	14832	17901	17643	154	Piraziz
Polateli	 	TR.KI.PO	TR.KI	TRC13	5488	5450	5582	220	Polateli
Polatlı	 	TR.AN.PO	TR.AN	TR51	118454	116400	99965	3466	Polatlı
Posof	 	TR.AR.PO	TR.AR	TRA24	9596	12729	18661	623	Posof
Pötürge	 	TR.ML.PO	TR.ML	TRB11	22810	28382	36137	1039	Pötürge
Pozantı	 	TR.AA.PO	TR.AA	TR621	19896	21756	23040	793	Pozantı
Pülümür	 	TR.TC.PU	TR.TC	TRB14	3340	4063	9145	1476	Pülümür
Refahiye	 	TR.EN.RE	TR.EN	TRA12	9742	15987	21977	1682	Refahiye
Reşadiye	 	TR.TT.RE	TR.TT	TR832	40319	101900	58800	1246	Reşadiye
Reyhanlı	 	TR.HT.RE	TR.HT	TR631	82391	74225	64139	410	Reyhanlı
Şabanözü	 	TR.CI.SA	TR.CI	TR822	8763	14629	11779	605	Şabanözü
Safranbolu	 	TR.KB.SA	TR.KB	TR812	49821	47257	42815	1000	Safranbolu
Şahinbey	Gaziantep	TR.GA.GB	TR.GA	TRC11	679053	538373	422231	939	
Saimbeyli	 	TR.AA.SA	TR.AA	TR621	17775	16957	18568	1158	Saimbeyli
Salihli	 	TR.MN.SL	TR.MN	TR331	155016	149151	134854	1273	Salihli
Salıpazarı	 	TR.SS.SA	TR.SS	TR831	20986	25113	28268	454	Salıpazarı
Şalpazarı	 	TR.TB.SA	TR.TB	TR901	12490	23390	18983	121	Şalpazarı
Samandağ	 	TR.HT.SA	TR.HT	TR631	124830	106754	89202	446	Samandağ
Samsat	 	TR.AD.SA	TR.AD	TRC12	10356	12541	11451	295	Samsat
Sandıklı	 	TR.AF.SA	TR.AF	TR332	61843	76618	71008	1223	Sandıklı
Sapanca	 	TR.SK.SA	TR.SK	TR422	35551	36496	25167	139	Sapanca
Şaphane	 	TR.KU.SA	TR.KU	TR333	7697	11715	10247	238	Şaphane
Saray	 	TR.TG.SR	TR.TG	TR211	44540	41217	33716	612	Saray
Saray	 	TR.VA.SA	TR.VA	TRB21	24072	21578	17784	958	Saray
Saraydüzü	 	TR.SP.SA	TR.SP	TR823	4714	8217	9065	293	Saraydüzü
Saraykent	 	TR.YZ.SA	TR.YZ	TR723	19607	26077	19258	189	Saraykent
Sarayköy	 	TR.DN.SA	TR.DN	TR322	30028	36495	32890	418	Sarayköy
Sarayönü	 	TR.KO.SA	TR.KO	TR521	28813	36525	34850	1088	Sarayönü
Sarıcakaya	 	TR.ES.SA	TR.ES	TR412	5924	14968	7996	375	Sarıcakaya
Sarıgöl	 	TR.MN.SG	TR.MN	TR331	35893	35621	34682	357	Sarıgöl
Sarıkamış	 	TR.KA.SA	TR.KA	TRA22	51591	57026	61818	1971	Sarıkamış
Sarıkaya	 	TR.YZ.SK	TR.YZ	TR723	46131	58026	44857	974	Sarıkaya
Sarıoğlan	 	TR.KY.SG	TR.KY	TR721	17491	27801	28362	616	Sarıoğlan
Sarıveliler	 	TR.KR.SA	TR.KR	TR522	14280	21308	16837	373	Sarıveliler
Sarıyahşi	 	TR.AK.SA	TR.AK	TR712	7346	12120	11020	280	Sarıyahşi
Sarıyer	İstanbul	TR.IB.SA	TR.IB	TR1	273407	242543	171872	162	
Sarız	 	TR.KY.SR	TR.KY	TR721	12705	14596	19545	1220	Sarız
Şarkikaraağaç	 	TR.IP.SA	TR.IP	TR612	28397	52164	39708	827	Şarkikaraağaç
Şarkışla	 	TR.SV.SA	TR.SV	TR722	41950	49318	51593	2103	Şarkışla
Şarköy	 	TR.TG.SK	TR.TG	TR211	29395	32660	28480	555	Şarköy
Saruhanlı	 	TR.MN.SH	TR.MN	TR331	58205	68134	72093	839	Saruhanlı
Sason	 	TR.BM.SA	TR.BM	TRC32	31230	36719	32413	732	Sason
Savaştepe	 	TR.BK.SA	TR.BK	TR221	20868	23355	24337	411	Savaştepe
Şavşat	 	TR.AV.SA	TR.AV	TR905	18780	25624	32279	1377	Şavşat
Savur	 	TR.MR.SA	TR.MR	TRC31	36066	34402	33533	1032	Savur
Seben	 	TR.BL.SE	TR.BL	TR424	6973	8871	10883	687	Seben
Şefaatli	 	TR.YZ.SE	TR.YZ	TR723	19915	30013	36246	827	Şefaatli
Seferihisar	 	TR.IZ.SF	TR.IZ	TR31	25830	34761	21406	386	Seferihisar
Şehitkamil	Gaziantep	TR.GA.GK	TR.GA	TRC11	558821	411186	267617	1199	
Selçuk	 	TR.IZ.SC	TR.IZ	TR31	34002	33594	27353	280	Selçuk
Selçuklu	Konya	TR.KO.KS	TR.KO	TR521	466233	348329	208469	1836	
Selendi	 	TR.MN.SE	TR.MN	TR331	24355	26061	25415	701	Selendi
Selim	 	TR.KA.SE	TR.KA	TRA22	25162	25480	29185	1009	Selim
Şemdinli	 	TR.HK.SE	TR.HK	TRB24	51034	45930	30219	1661	Şemdinli
Senirkent	 	TR.IP.SE	TR.IP	TR612	12989	25828	24388	602	Senirkent
Şenkaya	 	TR.EM.SE	TR.EM	TRA11	22987	27632	32873	1536	Şenkaya
Şenpazar	 	TR.KS.SP	TR.KS	TR821	5538	6494	8950	216	Şenpazar
Serik	 	TR.AL.SE	TR.AL	TR611	105755	109360	84755	1334	Serik
Serinhisar	 	TR.DN.SE	TR.DN	TR322	15371	22265	23560	226	Serinhisar
Seydiler	 	TR.KS.SD	TR.KS	TR821	4274	5269	5846	222	Seydiler
Seydişehir	 	TR.KO.SE	TR.KO	TR521	63798	85456	83218	1363	Seydişehir
Seyhan	Adana	TR.AA.AS	TR.AA	TR621	1007992	852911	672121	502	Seyhan
Seyitgazi	 	TR.ES.SE	TR.ES	TR412	17624	21701	24762	1516	Seyitgazi
Şile	 	TR.IB.SL	TR.IB	TR1	25169	32447	25372	916	Şile
Silifke	 	TR.IC.SI	TR.IC	TR622	111698	156351	107685	2572	Silifke
Silivri	 	TR.IB.SV	TR.IB	TR1	125364	108155	77599	894	Silivri
Silopi	 	TR.SR.SI	TR.SR	TRC33	96690	75192	46946	730	Silopi
Silvan	 	TR.DY.SI	TR.DY	TRC22	87851	116298	109953	1397	Silvan
Simav	 	TR.KU.SI	TR.KU	TR333	76210	103763	82149	1564	Simav
Sincan	Ankara	TR.AN.SI	TR.AN	TR51	413030	289783	101118	344	Sincan
Sincanlı	 	TR.AF.SI	TR.AF	TR332	42651	58536	52206	853	Sinanpaşa
Sincik	 	TR.AD.SI	TR.AD	TRC12	21335	21828	19524	461	Sincik
Sındırgı	 	TR.BK.SI	TR.BK	TR221	42088	47784	52004	1395	Sındırgı
Şiran	 	TR.GU.SI	TR.GU	TR906	18595	26397	26881	928	Şiran
Şirvan	 	TR.SI.SV	TR.SI	TRC34	24054	21999	26138	960	Şirvan
Şişli	İstanbul	TR.IB.SI	TR.IB	TR1	314684	270674	250478	35	
Sivaslı	 	TR.US.SI	TR.US	TR334	21827	26196	22804	506	Sivaslı
Siverek	 	TR.SU.SI	TR.SU	TRC21	201768	224102	133005	4367	Siverek
Sivrice	 	TR.EG.SI	TR.EG	TRB12	9484	13928	17302	648	Sivrice
Sivrihisar	 	TR.ES.SI	TR.ES	TR412	25406	31583	36893	2547	Sivrihisar
Söğüt	 	TR.BC.SO	TR.BC	TR413	23186	20974	21032	530	Söğüt
Söğütlü	 	TR.SK.SO	TR.SK	TR422	14115	14316	13403	94	Söğütlü
Söke	 	TR.AY.SO	TR.AY	TR321	115939	137739	119750	987	Söke
Solhan	 	TR.BG.SO	TR.BG	TRB13	32945	33604	35292	1220	Solhan
Soma	 	TR.MN.SO	TR.MN	TR331	97739	89038	76641	839	Soma
Sorgun	 	TR.YZ.SO	TR.YZ	TR723	83931	120262	93812	1782	Sorgun
Şuhut	 	TR.AF.SH	TR.AF	TR332	40800	59284	48260	1175	Şuhut
Sulakyurt	 	TR.KK.SU	TR.KK	TR711	9427	16480	18740	754	Sulakyurt
Süleoğlu	 	TR.ED.SU	TR.ED	TR212	9474	11927	11634	352	Süleoğlu
Şultan Karahisar	 	TR.GI.SK	TR.GI	TR903	23731	50926	39897	1382	Şebinkarahisar
Şultan Koçhisar	 	TR.AN.SK	TR.AN	TR51	34808	59128	60701	2128	Şereflikoçhisar
Sultanbeyli	 	TR.IB.SB	TR.IB	TR1	272748	175700	82298	24	Sultanbeyli
Sultandağı	 	TR.AF.SD	TR.AF	TR332	19847	22184	22921	898	Sultandağı
Sultanhisar	 	TR.AY.SH	TR.AY	TR321	21446	22795	22550	236	Sultanhisar
Suluova	 	TR.AM.SU	TR.AM	TR834	47428	54123	49374	516	Suluova
Sulusaray	 	TR.TT.SU	TR.TT	TR832	9595	11202	12241	277	Sulusaray
Sumbas	 	TR.OS.SU	TR.OS	TR633	15837	16776	17210	406	Sumbas
Sungurlu	 	TR.CM.SU	TR.CM	TR833	64631	80840	88327	1957	Sungurlu
Sürmene	 	TR.TB.SU	TR.TB	TR901	28115	42256	37044	227	Sürmene
Suruç	 	TR.SU.SC	TR.SU	TRC21	102667	82247	80202	735	Suruç
Suşehri	 	TR.SV.SU	TR.SV	TR722	27415	44731	47560	832	Suşehri
Susurluk	 	TR.BK.SU	TR.BK	TR221	42726	43107	43022	645	Susurluk
Susuz	 	TR.KA.SU	TR.KA	TRA22	13114	14885	19025	701	Susuz
Sütçüler	 	TR.IP.SU	TR.IP	TR612	13672	18839	21957	1138	Sütçüler
Talas	 	TR.KY.TA	TR.KY	TR721	75675	55509	48901	329	Talas
Taraklı	 	TR.SK.TA	TR.SK	TR422	7503	9212	10906	332	Taraklı
Tarsus	 	TR.IC.TA	TR.IC	TR622	318553	348205	291965	2019	Tarsus
Taşkent	 	TR.KO.TA	TR.KO	TR521	8497	46396	29750	595	Taşkent
Taşköprü	 	TR.KS.TA	TR.KS	TR821	41424	43800	48543	1811	Taşköprü
Taşlıçay	 	TR.AG.TA	TR.AG	TRA21	22714	21839	21976	834	Taşlıçay
Taşova	 	TR.AM.TA	TR.AM	TR834	35186	57050	55179	1052	Taşova
Tatvan	 	TR.BT.TA	TR.BT	TRB23	72873	84276	81992	1606	Tatvan
Tavas	 	TR.DN.TA	TR.DN	TR322	53475	60669	65136	1585	Tavas
Tavşanlı	 	TR.KU.TA	TR.KU	TR333	99433	99775	96277	1918	Tavşanlı
Tefenni	 	TR.BD.TE	TR.BD	TR613	10587	11939	13667	623	Tefenni
Tekkeköy	 	TR.SS.TK	TR.SS	TR831	49046	50476	48730	316	Tekkeköy
Tekman	 	TR.EM.TE	TR.EM	TRA11	32090	34640	34021	2237	Tekman
Tercan	 	TR.EN.TE	TR.EN	TRA12	18842	33643	37408	1546	Tercan
Termal	 	TR.YL.TE	TR.YL	TR425	4630	5404	4318	45	Termal
Terme	 	TR.SS.TM	TR.SS	TR831	74833	82608	84887	456	Terme
Tire	 	TR.IZ.TI	TR.IZ	TR31	76327	78658	77314	891	Tire
Tirebolu	 	TR.GI.TI	TR.GI	TR903	28835	36947	39164	210	Tirebolu
Tomarza	 	TR.KY.TO	TR.KY	TR721	28697	35808	38984	1485	Tomarza
Tonya	 	TR.TB.TO	TR.TB	TR901	17052	28107	25790	254	Tonya
Toprakkale	 	TR.OS.TO	TR.OS	TR633	13049	14519	13093	125	Toprakkale
Torbalı	 	TR.IZ.TO	TR.IZ	TR31	119506	93216	71617	565	Torbalı
Tortum	 	TR.EM.TO	TR.EM	TRA11	22372	38697	34100	1467	Tortum
Torul	 	TR.GU.TO	TR.GU	TR906	13118	15416	17087	1079	Torul
Tosya	 	TR.KS.TO	TR.KS	TR821	41046	41995	48055	1186	Tosya
Tufanbeyli	 	TR.AA.TU	TR.AA	TR621	18279	22672	22672	987	Tufanbeyli
Turgutlu	 	TR.MN.TU	TR.MN	TR331	135830	121020	101057	473	Turgutlu
Turhal	 	TR.TT.TU	TR.TT	TR832	87553	130985	105628	1021	Turhal
Türkeli	 	TR.SP.TU	TR.SP	TR823	14263	20904	22547	236	Türkeli
Türkoğlu	 	TR.KM.TU	TR.KM	TR632	62154	62375	60992	600	Türkoğlu
Tut	 	TR.AD.TU	TR.AD	TRC12	11798	15784	13714	487	Tut
Tutak	 	TR.AG.TU	TR.AG	TRA21	33220	34596	33946	1544	Tutak
Tuzla	İstanbul	TR.IB.TU	TR.IB	TR1	165239	123225	96150	68	
Tuzluca	 	TR.IG.TU	TR.IG	TRA23	25682	25954	28886	1254	Tuzluca
Tuzlukçu	 	TR.KO.TU	TR.KO	TR521	8167	9783	10710	743	Tuzlukçu
Uğurludağ	 	TR.CM.UG	TR.CM	TR833	9163	16265	18111	549	Uğurludağ
Ula	 	TR.MG.UL	TR.MG	TR323	23455	21944	19978	425	Ula
Ulaş	 	TR.SV.UL	TR.SV	TR722	11237	14972	16121	754	Ulaş
Ulubey	 	TR.OR.UL	TR.OR	TR902	20235	29227	36844	304	Ulubey
Ulubey	 	TR.US.UL	TR.US	TR334	15315	20017	19203	817	Ulubey
Uluborlu	 	TR.IP.UL	TR.IP	TR612	6878	13248	11970	284	Uluborlu
Uludere	 	TR.SR.UL	TR.SR	TRC33	37894	35158	28687	731	Uludere
Ulukışla	 	TR.NG.UL	TR.NG	TR713	21754	32928	29434	1513	Ulukışla
Ulus	 	TR.BR.UL	TR.BR	TR813	24288	28822	40600	707	Ulus
Ümraniye	İstanbul	TR.IB.UM	TR.IB	TR1	897260	605855	303434	110	
Ünye	 	TR.OR.UN	TR.OR	TR902	112298	126124	110410	487	Ünye
Ürgüp	 	TR.NV.UR	TR.NV	TR714	33400	38004	35688	563	Ürgüp
Urla	 	TR.IZ.UR	TR.IZ	TR31	48058	49269	35467	704	Urla
Üsküdar	İstanbul	TR.IB.US	TR.IB	TR1	582666	495118	395623	46	
Üzümlü	 	TR.EN.UZ	TR.EN	TRA12	13313	49928	29440	578	Üzümlü
Uzundere	 	TR.EM.UZ	TR.EM	TRA11	9338	11556	12249	416	Uzundere
Uzunköprü	 	TR.ED.UZ	TR.ED	TR212	70977	73486	83556	1213	Uzunköprü
Vakfıkebir	 	TR.TB.VA	TR.TB	TR901	26551	53227	41378	143	Vakfıkebir
Varto	 	TR.MS.VA	TR.MS	TRB22	33587	41491	42641	1365	Varto
Vezirköprü	 	TR.SS.VE	TR.SS	TR831	107868	106139	102503	1800	Vezirköprü
Viranşehir	 	TR.SU.VI	TR.SU	TRC21	152469	187705	100361	2272	Viranşehir
Vize	 	TR.KL.VI	TR.KL	TR213	30348	32276	34589	1091	Vize
Yağlıdere	 	TR.GI.YA	TR.GI	TR903	19118	19297	24533	322	Yağlıdere
Yahşihan	 	TR.KK.YA	TR.KK	TR711	12963	14098	11589	198	Yahşihan
Yahyalı	 	TR.KY.YA	TR.KY	TR721	37834	43203	44047	1554	Yahyalı
Yakakent	 	TR.SS.YA	TR.SS	TR831	9521	10632	10620	38	Yakakent
Yalıhüyük	 	TR.KO.YA	TR.KO	TR521	1778	5575	4248	93	Yalıhüyük
Yalvaç	 	TR.IP.YA	TR.IP	TR612	57004	101628	85053	1415	Yalvaç
Yapraklı	 	TR.CI.YA	TR.CI	TR822	10813	21015	22279	719	Yapraklı
Yatağan	 	TR.MG.YA	TR.MG	TR323	46275	46252	42376	896	Yatağan
Yavuzeli	 	TR.GA.YA	TR.GA	TRC11	21058	24409	23955	486	Yavuzeli
Yayladağı	 	TR.HT.YA	TR.HT	TR631	22989	27654	26172	341	Yayladağı
Yayladere	 	TR.BG.YA	TR.BG	TRB13	2087	4050	3607	430	Yayladere
Yazıhan	 	TR.ML.YA	TR.ML	TRB11	15993	19295	16776	505	Yazıhan
Yedisu	 	TR.BG.YE	TR.BG	TRB13	3415	3623	6554	522	Yedisu
Yeniçağa	 	TR.BL.YC	TR.BL	TR424	8528	10080	10874	130	Yeniçağa
Yenice	 	TR.CK.YE	TR.CK	TR222	37827	39064	42798	1417	Yenice
Yenice	 	TR.KB.YE	TR.KB	TR812	23342	26951	30545	620	Yenice
Yenifakılı	 	TR.YZ.YF	TR.YZ	TR723	6955	15603	10754	505	Yenifakılı
Yenimahalle	Ankara	TR.AN.YM	TR.AN	TR51	614778	553344	351436	274	Yenimahalle
Yenipazar	 	TR.AY.YP	TR.AY	TR321	13715	15492	17630	193	Yenipazar
Yenipazar	 	TR.BC.YP	TR.BC	TR413	3952	4916	6044	313	Yenipazar
Yenişarbademli	 	TR.IP.YS	TR.IP	TR612	2699	5925	6608	385	Yenişarbademli
Yenişehir	 	TR.BU.YS	TR.BU	TR411	51227	54835	52717	785	Yenişehir
Yerköy	 	TR.YZ.YK	TR.YZ	TR723	42219	48889	48649	1263	Yerköy
Yeşilhisar	 	TR.KY.YE	TR.KY	TR721	17658	24830	24427	1008	Yeşilhisar
Yeşilli	 	TR.MR.YE	TR.MR	TRC31	17892	22026	14561	48	Yeşilli
Yeşilova	 	TR.BD.YL	TR.BD	TR613	18611	22173	24657	1224	Yeşilova
Yeşilyurt	 	TR.ML.YE	TR.ML	TRB11	33206	45551	36509	504	Yeşilyurt
Yeşilyurt	 	TR.TT.YE	TR.TT	TR832	11921	14511	14890	199	Yeşilyurt
Yığılca	 	TR.DU.YI	TR.DU	TR423	18816	21190	22271	640	Yığılca
Yıldırım	Bursa	TR.BU.BY	TR.BU	TR411	575450	480266	325159	64	Yıldırım
Yıldızeli	 	TR.SV.YI	TR.SV	TR722	52710	76232	70949	3044	Yıldızeli
Yomra	 	TR.TB.YO	TR.TB	TR901	29083	39736	30669	223	Yomra
Yüksekova	 	TR.HK.YU	TR.HK	TRB24	105157	102039	69003	2372	Yüksekova
Yumurtalık	 	TR.AA.YU	TR.AA	TR621	19155	23793	20957	554	Yumurtalık
Yunak	 	TR.KO.YU	TR.KO	TR521	29490	41506	42587	2998	Yunak
Yüreğir	Adana	TR.AA.AY	TR.AA	TR621	522265	454723	369529	1443	Yüreğir
Yusufeli	 	TR.AV.YU	TR.AV	TR905	22945	29133	37060	2270	Yusufeli
Zara	 	TR.SV.ZA	TR.SV	TR722	22217	33425	38275	2578	Zara
Zeytinburnu	İstanbul	TR.IB.ZE	TR.IB	TR1	288743	247669	165679	12	
Zile	 	TR.TT.ZI	TR.TT	TR832	68937	110139	107902	1561	Zile
